{
    "type": "FeatureCollection",
    "features": [
        {
            "type": "Feature",
            "geometry": {
                "type": "MultiPolygon",
                "coordinates": [
                    [
                        [
                            [
                                294.0,
                                68.0
                            ],
                            [
                                304.0,
                                68.0
                            ],
                            [
                                308.0,
                                66.0
                            ],
                            [
                                311.0,
                                64.0
                            ],
                            [
                                318.0,
                                57.0
                            ],
                            [
                                324.0,
                                49.0
                            ],
                            [
                                328.0,
                                41.0
                            ],
                            [
                                328.0,
                                34.0
                            ],
                            [
                                327.0,
                                32.0
                            ],
                            [
                                324.0,
                                29.0
                            ],
                            [
                                322.0,
                                28.0
                            ],
                            [
                                319.0,
                                27.0
                            ],
                            [
                                229.0,
                                0.0
                            ],
                            [
                                211.0,
                                0.0
                            ],
                            [
                                212.0,
                                24.0
                            ],
                            [
                                214.0,
                                28.0
                            ],
                            [
                                217.0,
                                31.0
                            ],
                            [
                                223.0,
                                34.0
                            ],
                            [
                                294.0,
                                68.0
                            ]
                        ]
                    ],
                    [
                        [
                            [
                                10.0,
                                41.0
                            ],
                            [
                                9.0,
                                43.0
                            ],
                            [
                                8.0,
                                46.0
                            ],
                            [
                                8.0,
                                47.0
                            ],
                            [
                                9.0,
                                50.0
                            ],
                            [
                                10.0,
                                52.0
                            ],
                            [
                                13.0,
                                56.0
                            ],
                            [
                                14.0,
                                57.0
                            ],
                            [
                                21.0,
                                63.0
                            ],
                            [
                                26.0,
                                67.0
                            ],
                            [
                                29.0,
                                69.0
                            ],
                            [
                                35.0,
                                72.0
                            ],
                            [
                                39.0,
                                73.0
                            ],
                            [
                                50.0,
                                73.0
                            ],
                            [
                                53.0,
                                72.0
                            ],
                            [
                                55.0,
                                71.0
                            ],
                            [
                                58.0,
                                69.0
                            ],
                            [
                                63.0,
                                65.0
                            ],
                            [
                                64.0,
                                64.0
                            ],
                            [
                                72.0,
                                55.0
                            ],
                            [
                                78.0,
                                47.0
                            ],
                            [
                                80.0,
                                43.0
                            ],
                            [
                                80.0,
                                35.0
                            ],
                            [
                                79.0,
                                33.0
                            ],
                            [
                                74.0,
                                28.0
                            ],
                            [
                                71.0,
                                26.0
                            ],
                            [
                                66.0,
                                23.0
                            ],
                            [
                                61.0,
                                21.0
                            ],
                            [
                                55.0,
                                19.0
                            ],
                            [
                                42.0,
                                19.0
                            ],
                            [
                                39.0,
                                20.0
                            ],
                            [
                                29.0,
                                25.0
                            ],
                            [
                                23.0,
                                29.0
                            ],
                            [
                                19.0,
                                32.0
                            ],
                            [
                                10.0,
                                41.0
                            ]
                        ]
                    ],
                    [
                        [
                            [
                                283.0,
                                138.0
                            ],
                            [
                                281.0,
                                141.0
                            ],
                            [
                                281.0,
                                145.0
                            ],
                            [
                                282.0,
                                147.0
                            ],
                            [
                                283.0,
                                148.0
                            ],
                            [
                                289.0,
                                151.0
                            ],
                            [
                                292.0,
                                152.0
                            ],
                            [
                                298.0,
                                153.0
                            ],
                            [
                                305.0,
                                153.0
                            ],
                            [
                                311.0,
                                152.0
                            ],
                            [
                                317.0,
                                150.0
                            ],
                            [
                                320.0,
                                148.0
                            ],
                            [
                                323.0,
                                145.0
                            ],
                            [
                                324.0,
                                143.0
                            ],
                            [
                                324.0,
                                137.0
                            ],
                            [
                                323.0,
                                135.0
                            ],
                            [
                                318.0,
                                130.0
                            ],
                            [
                                314.0,
                                128.0
                            ],
                            [
                                311.0,
                                127.0
                            ],
                            [
                                302.0,
                                127.0
                            ],
                            [
                                298.0,
                                128.0
                            ],
                            [
                                292.0,
                                131.0
                            ],
                            [
                                289.0,
                                133.0
                            ],
                            [
                                285.0,
                                136.0
                            ],
                            [
                                283.0,
                                138.0
                            ]
                        ]
                    ],
                    [
                        [
                            [
                                138.0,
                                210.0
                            ],
                            [
                                141.0,
                                211.0
                            ],
                            [
                                144.0,
                                211.0
                            ],
                            [
                                146.0,
                                210.0
                            ],
                            [
                                148.0,
                                208.0
                            ],
                            [
                                148.0,
                                204.0
                            ],
                            [
                                147.0,
                                202.0
                            ],
                            [
                                146.0,
                                201.0
                            ],
                            [
                                144.0,
                                200.0
                            ],
                            [
                                139.0,
                                200.0
                            ],
                            [
                                137.0,
                                201.0
                            ],
                            [
                                135.0,
                                203.0
                            ],
                            [
                                135.0,
                                208.0
                            ],
                            [
                                136.0,
                                209.0
                            ],
                            [
                                138.0,
                                210.0
                            ]
                        ]
                    ],
                    [
                        [
                            [
                                322.0,
                                221.0
                            ],
                            [
                                327.0,
                                226.0
                            ],
                            [
                                335.0,
                                232.0
                            ],
                            [
                                345.0,
                                239.0
                            ],
                            [
                                351.0,
                                243.0
                            ],
                            [
                                353.0,
                                244.0
                            ],
                            [
                                359.0,
                                246.0
                            ],
                            [
                                363.0,
                                246.0
                            ],
                            [
                                366.0,
                                245.0
                            ],
                            [
                                368.0,
                                244.0
                            ],
                            [
                                374.0,
                                238.0
                            ],
                            [
                                376.0,
                                234.0
                            ],
                            [
                                377.0,
                                230.0
                            ],
                            [
                                377.0,
                                225.0
                            ],
                            [
                                376.0,
                                222.0
                            ],
                            [
                                374.0,
                                219.0
                            ],
                            [
                                372.0,
                                217.0
                            ],
                            [
                                369.0,
                                215.0
                            ],
                            [
                                365.0,
                                213.0
                            ],
                            [
                                362.0,
                                212.0
                            ],
                            [
                                357.0,
                                211.0
                            ],
                            [
                                350.0,
                                210.0
                            ],
                            [
                                330.0,
                                210.0
                            ],
                            [
                                326.0,
                                211.0
                            ],
                            [
                                324.0,
                                212.0
                            ],
                            [
                                321.0,
                                215.0
                            ],
                            [
                                321.0,
                                219.0
                            ],
                            [
                                322.0,
                                221.0
                            ]
                        ]
                    ],
                    [
                        [
                            [
                                215.0,
                                226.0
                            ],
                            [
                                213.0,
                                230.0
                            ],
                            [
                                212.0,
                                233.0
                            ],
                            [
                                212.0,
                                240.0
                            ],
                            [
                                213.0,
                                243.0
                            ],
                            [
                                215.0,
                                246.0
                            ],
                            [
                                217.0,
                                248.0
                            ],
                            [
                                221.0,
                                250.0
                            ],
                            [
                                229.0,
                                250.0
                            ],
                            [
                                235.0,
                                248.0
                            ],
                            [
                                249.0,
                                241.0
                            ],
                            [
                                258.0,
                                235.0
                            ],
                            [
                                265.0,
                                228.0
                            ],
                            [
                                266.0,
                                226.0
                            ],
                            [
                                266.0,
                                221.0
                            ],
                            [
                                265.0,
                                219.0
                            ],
                            [
                                264.0,
                                218.0
                            ],
                            [
                                261.0,
                                216.0
                            ],
                            [
                                253.0,
                                212.0
                            ],
                            [
                                250.0,
                                211.0
                            ],
                            [
                                244.0,
                                210.0
                            ],
                            [
                                242.0,
                                210.0
                            ],
                            [
                                237.0,
                                211.0
                            ],
                            [
                                231.0,
                                213.0
                            ],
                            [
                                229.0,
                                214.0
                            ],
                            [
                                223.0,
                                218.0
                            ],
                            [
                                215.0,
                                226.0
                            ]
                        ]
                    ],
                    [
                        [
                            [
                                26.0,
                                248.0
                            ],
                            [
                                35.0,
                                251.0
                            ],
                            [
                                38.0,
                                251.0
                            ],
                            [
                                40.0,
                                250.0
                            ],
                            [
                                43.0,
                                247.0
                            ],
                            [
                                47.0,
                                239.0
                            ],
                            [
                                51.0,
                                227.0
                            ],
                            [
                                51.0,
                                220.0
                            ],
                            [
                                49.0,
                                218.0
                            ],
                            [
                                47.0,
                                217.0
                            ],
                            [
                                32.0,
                                217.0
                            ],
                            [
                                0.0,
                                219.0
                            ],
                            [
                                0.0,
                                234.0
                            ],
                            [
                                1.0,
                                235.0
                            ],
                            [
                                12.0,
                                241.0
                            ],
                            [
                                26.0,
                                248.0
                            ]
                        ]
                    ],
                    [
                        [
                            [
                                194.0,
                                319.0
                            ],
                            [
                                193.0,
                                323.0
                            ],
                            [
                                192.0,
                                330.0
                            ],
                            [
                                193.0,
                                336.0
                            ],
                            [
                                194.0,
                                338.0
                            ],
                            [
                                196.0,
                                341.0
                            ],
                            [
                                198.0,
                                343.0
                            ],
                            [
                                204.0,
                                347.0
                            ],
                            [
                                206.0,
                                348.0
                            ],
                            [
                                213.0,
                                351.0
                            ],
                            [
                                228.0,
                                356.0
                            ],
                            [
                                232.0,
                                357.0
                            ],
                            [
                                244.0,
                                357.0
                            ],
                            [
                                247.0,
                                356.0
                            ],
                            [
                                252.0,
                                351.0
                            ],
                            [
                                252.0,
                                346.0
                            ],
                            [
                                251.0,
                                344.0
                            ],
                            [
                                249.0,
                                341.0
                            ],
                            [
                                231.0,
                                322.0
                            ],
                            [
                                219.0,
                                310.0
                            ],
                            [
                                216.0,
                                308.0
                            ],
                            [
                                214.0,
                                307.0
                            ],
                            [
                                211.0,
                                306.0
                            ],
                            [
                                207.0,
                                305.0
                            ],
                            [
                                203.0,
                                306.0
                            ],
                            [
                                201.0,
                                307.0
                            ],
                            [
                                198.0,
                                310.0
                            ],
                            [
                                195.0,
                                316.0
                            ],
                            [
                                194.0,
                                319.0
                            ]
                        ]
                    ],
                    [
                        [
                            [
                                356.0,
                                362.0
                            ],
                            [
                                356.0,
                                368.0
                            ],
                            [
                                357.0,
                                372.0
                            ],
                            [
                                360.0,
                                378.0
                            ],
                            [
                                362.0,
                                381.0
                            ],
                            [
                                368.0,
                                387.0
                            ],
                            [
                                374.0,
                                390.0
                            ],
                            [
                                381.0,
                                390.0
                            ],
                            [
                                384.0,
                                389.0
                            ],
                            [
                                388.0,
                                387.0
                            ],
                            [
                                394.0,
                                383.0
                            ],
                            [
                                399.0,
                                379.0
                            ],
                            [
                                408.0,
                                370.0
                            ],
                            [
                                410.0,
                                367.0
                            ],
                            [
                                411.0,
                                365.0
                            ],
                            [
                                411.0,
                                362.0
                            ],
                            [
                                407.0,
                                358.0
                            ],
                            [
                                405.0,
                                357.0
                            ],
                            [
                                400.0,
                                355.0
                            ],
                            [
                                397.0,
                                354.0
                            ],
                            [
                                385.0,
                                351.0
                            ],
                            [
                                379.0,
                                350.0
                            ],
                            [
                                369.0,
                                350.0
                            ],
                            [
                                366.0,
                                351.0
                            ],
                            [
                                362.0,
                                353.0
                            ],
                            [
                                358.0,
                                357.0
                            ],
                            [
                                357.0,
                                359.0
                            ],
                            [
                                356.0,
                                362.0
                            ]
                        ]
                    ],
                    [
                        [
                            [
                                22.0,
                                355.0
                            ],
                            [
                                17.0,
                                365.0
                            ],
                            [
                                16.0,
                                368.0
                            ],
                            [
                                16.0,
                                377.0
                            ],
                            [
                                18.0,
                                430.0
                            ],
                            [
                                19.0,
                                433.0
                            ],
                            [
                                24.0,
                                438.0
                            ],
                            [
                                26.0,
                                439.0
                            ],
                            [
                                30.0,
                                440.0
                            ],
                            [
                                31.0,
                                440.0
                            ],
                            [
                                35.0,
                                439.0
                            ],
                            [
                                39.0,
                                435.0
                            ],
                            [
                                114.0,
                                357.0
                            ],
                            [
                                114.0,
                                353.0
                            ],
                            [
                                113.0,
                                351.0
                            ],
                            [
                                105.0,
                                343.0
                            ],
                            [
                                99.0,
                                339.0
                            ],
                            [
                                95.0,
                                337.0
                            ],
                            [
                                86.0,
                                334.0
                            ],
                            [
                                51.0,
                                324.0
                            ],
                            [
                                44.0,
                                324.0
                            ],
                            [
                                42.0,
                                325.0
                            ],
                            [
                                40.0,
                                327.0
                            ],
                            [
                                32.0,
                                339.0
                            ],
                            [
                                25.0,
                                350.0
                            ],
                            [
                                22.0,
                                355.0
                            ]
                        ]
                    ],
                    [
                        [
                            [
                                201.0,
                                457.0
                            ],
                            [
                                203.0,
                                456.0
                            ],
                            [
                                204.0,
                                455.0
                            ],
                            [
                                205.0,
                                453.0
                            ],
                            [
                                205.0,
                                450.0
                            ],
                            [
                                204.0,
                                449.0
                            ],
                            [
                                202.0,
                                449.0
                            ],
                            [
                                198.0,
                                451.0
                            ],
                            [
                                196.0,
                                453.0
                            ],
                            [
                                195.0,
                                455.0
                            ],
                            [
                                197.0,
                                457.0
                            ],
                            [
                                201.0,
                                457.0
                            ]
                        ]
                    ],
                    [
                        [
                            [
                                14.0,
                                491.0
                            ],
                            [
                                14.0,
                                496.0
                            ],
                            [
                                16.0,
                                500.0
                            ],
                            [
                                22.0,
                                506.0
                            ],
                            [
                                26.0,
                                509.0
                            ],
                            [
                                29.0,
                                511.0
                            ],
                            [
                                35.0,
                                514.0
                            ],
                            [
                                38.0,
                                515.0
                            ],
                            [
                                46.0,
                                515.0
                            ],
                            [
                                50.0,
                                513.0
                            ],
                            [
                                53.0,
                                510.0
                            ],
                            [
                                55.0,
                                507.0
                            ],
                            [
                                56.0,
                                505.0
                            ],
                            [
                                57.0,
                                500.0
                            ],
                            [
                                57.0,
                                499.0
                            ],
                            [
                                56.0,
                                494.0
                            ],
                            [
                                54.0,
                                490.0
                            ],
                            [
                                52.0,
                                487.0
                            ],
                            [
                                47.0,
                                482.0
                            ],
                            [
                                44.0,
                                480.0
                            ],
                            [
                                42.0,
                                479.0
                            ],
                            [
                                39.0,
                                478.0
                            ],
                            [
                                29.0,
                                478.0
                            ],
                            [
                                26.0,
                                479.0
                            ],
                            [
                                24.0,
                                480.0
                            ],
                            [
                                21.0,
                                482.0
                            ],
                            [
                                16.0,
                                487.0
                            ],
                            [
                                14.0,
                                491.0
                            ]
                        ]
                    ],
                    [
                        [
                            [
                                380.0,
                                550.0
                            ],
                            [
                                382.0,
                                552.0
                            ],
                            [
                                384.0,
                                553.0
                            ],
                            [
                                387.0,
                                554.0
                            ],
                            [
                                404.0,
                                554.0
                            ],
                            [
                                433.0,
                                552.0
                            ],
                            [
                                438.0,
                                551.0
                            ],
                            [
                                441.0,
                                550.0
                            ],
                            [
                                445.0,
                                548.0
                            ],
                            [
                                449.0,
                                544.0
                            ],
                            [
                                450.0,
                                540.0
                            ],
                            [
                                449.0,
                                537.0
                            ],
                            [
                                448.0,
                                535.0
                            ],
                            [
                                445.0,
                                532.0
                            ],
                            [
                                442.0,
                                531.0
                            ],
                            [
                                434.0,
                                531.0
                            ],
                            [
                                387.0,
                                545.0
                            ],
                            [
                                384.0,
                                546.0
                            ],
                            [
                                382.0,
                                547.0
                            ],
                            [
                                380.0,
                                549.0
                            ],
                            [
                                380.0,
                                550.0
                            ]
                        ]
                    ],
                    [
                        [
                            [
                                271.0,
                                558.0
                            ],
                            [
                                272.0,
                                561.0
                            ],
                            [
                                274.0,
                                564.0
                            ],
                            [
                                277.0,
                                566.0
                            ],
                            [
                                281.0,
                                568.0
                            ],
                            [
                                284.0,
                                569.0
                            ],
                            [
                                293.0,
                                569.0
                            ],
                            [
                                296.0,
                                568.0
                            ],
                            [
                                300.0,
                                566.0
                            ],
                            [
                                305.0,
                                561.0
                            ],
                            [
                                305.0,
                                556.0
                            ],
                            [
                                302.0,
                                553.0
                            ],
                            [
                                298.0,
                                551.0
                            ],
                            [
                                294.0,
                                550.0
                            ],
                            [
                                280.0,
                                550.0
                            ],
                            [
                                277.0,
                                551.0
                            ],
                            [
                                275.0,
                                552.0
                            ],
                            [
                                272.0,
                                555.0
                            ],
                            [
                                271.0,
                                557.0
                            ],
                            [
                                271.0,
                                558.0
                            ]
                        ]
                    ],
                    [
                        [
                            [
                                36.0,
                                669.0
                            ],
                            [
                                40.0,
                                668.0
                            ],
                            [
                                47.0,
                                666.0
                            ],
                            [
                                50.0,
                                665.0
                            ],
                            [
                                55.0,
                                663.0
                            ],
                            [
                                59.0,
                                661.0
                            ],
                            [
                                62.0,
                                659.0
                            ],
                            [
                                65.0,
                                656.0
                            ],
                            [
                                66.0,
                                654.0
                            ],
                            [
                                66.0,
                                651.0
                            ],
                            [
                                65.0,
                                649.0
                            ],
                            [
                                60.0,
                                644.0
                            ],
                            [
                                54.0,
                                641.0
                            ],
                            [
                                50.0,
                                640.0
                            ],
                            [
                                41.0,
                                640.0
                            ],
                            [
                                37.0,
                                641.0
                            ],
                            [
                                27.0,
                                646.0
                            ],
                            [
                                0.0,
                                660.0
                            ],
                            [
                                0.0,
                                677.0
                            ],
                            [
                                36.0,
                                669.0
                            ]
                        ]
                    ],
                    [
                        [
                            [
                                66.0,
                                733.0
                            ],
                            [
                                67.0,
                                736.0
                            ],
                            [
                                69.0,
                                740.0
                            ],
                            [
                                71.0,
                                742.0
                            ],
                            [
                                75.0,
                                745.0
                            ],
                            [
                                79.0,
                                747.0
                            ],
                            [
                                84.0,
                                749.0
                            ],
                            [
                                99.0,
                                754.0
                            ],
                            [
                                103.0,
                                755.0
                            ],
                            [
                                108.0,
                                756.0
                            ],
                            [
                                114.0,
                                756.0
                            ],
                            [
                                118.0,
                                754.0
                            ],
                            [
                                119.0,
                                753.0
                            ],
                            [
                                120.0,
                                751.0
                            ],
                            [
                                121.0,
                                748.0
                            ],
                            [
                                121.0,
                                738.0
                            ],
                            [
                                120.0,
                                735.0
                            ],
                            [
                                117.0,
                                729.0
                            ],
                            [
                                112.0,
                                724.0
                            ],
                            [
                                109.0,
                                722.0
                            ],
                            [
                                107.0,
                                721.0
                            ],
                            [
                                104.0,
                                720.0
                            ],
                            [
                                100.0,
                                719.0
                            ],
                            [
                                87.0,
                                719.0
                            ],
                            [
                                80.0,
                                720.0
                            ],
                            [
                                76.0,
                                721.0
                            ],
                            [
                                72.0,
                                723.0
                            ],
                            [
                                67.0,
                                728.0
                            ],
                            [
                                66.0,
                                731.0
                            ],
                            [
                                66.0,
                                733.0
                            ]
                        ]
                    ],
                    [
                        [
                            [
                                280.0,
                                767.0
                            ],
                            [
                                319.0,
                                767.0
                            ],
                            [
                                324.0,
                                721.0
                            ],
                            [
                                324.0,
                                719.0
                            ],
                            [
                                322.0,
                                715.0
                            ],
                            [
                                319.0,
                                713.0
                            ],
                            [
                                317.0,
                                712.0
                            ],
                            [
                                304.0,
                                712.0
                            ],
                            [
                                251.0,
                                729.0
                            ],
                            [
                                249.0,
                                731.0
                            ],
                            [
                                249.0,
                                732.0
                            ],
                            [
                                250.0,
                                734.0
                            ],
                            [
                                279.0,
                                766.0
                            ],
                            [
                                280.0,
                                767.0
                            ]
                        ]
                    ],
                    [
                        [
                            [
                                891.0,
                                9.0
                            ],
                            [
                                902.0,
                                9.0
                            ],
                            [
                                905.0,
                                8.0
                            ],
                            [
                                911.0,
                                5.0
                            ],
                            [
                                916.0,
                                0.0
                            ],
                            [
                                875.0,
                                0.0
                            ],
                            [
                                876.0,
                                1.0
                            ],
                            [
                                880.0,
                                4.0
                            ],
                            [
                                883.0,
                                6.0
                            ],
                            [
                                885.0,
                                7.0
                            ],
                            [
                                891.0,
                                9.0
                            ]
                        ]
                    ],
                    [
                        [
                            [
                                484.0,
                                101.0
                            ],
                            [
                                484.0,
                                106.0
                            ],
                            [
                                485.0,
                                108.0
                            ],
                            [
                                488.0,
                                111.0
                            ],
                            [
                                490.0,
                                112.0
                            ],
                            [
                                496.0,
                                112.0
                            ],
                            [
                                499.0,
                                111.0
                            ],
                            [
                                503.0,
                                109.0
                            ],
                            [
                                511.0,
                                103.0
                            ],
                            [
                                524.0,
                                93.0
                            ],
                            [
                                526.0,
                                91.0
                            ],
                            [
                                526.0,
                                89.0
                            ],
                            [
                                524.0,
                                88.0
                            ],
                            [
                                504.0,
                                88.0
                            ],
                            [
                                500.0,
                                89.0
                            ],
                            [
                                494.0,
                                91.0
                            ],
                            [
                                488.0,
                                95.0
                            ],
                            [
                                486.0,
                                97.0
                            ],
                            [
                                484.0,
                                101.0
                            ]
                        ]
                    ],
                    [
                        [
                            [
                                720.0,
                                94.0
                            ],
                            [
                                719.0,
                                96.0
                            ],
                            [
                                718.0,
                                99.0
                            ],
                            [
                                717.0,
                                104.0
                            ],
                            [
                                717.0,
                                114.0
                            ],
                            [
                                718.0,
                                127.0
                            ],
                            [
                                719.0,
                                134.0
                            ],
                            [
                                722.0,
                                134.0
                            ],
                            [
                                791.0,
                                104.0
                            ],
                            [
                                801.0,
                                99.0
                            ],
                            [
                                804.0,
                                97.0
                            ],
                            [
                                807.0,
                                94.0
                            ],
                            [
                                808.0,
                                92.0
                            ],
                            [
                                808.0,
                                88.0
                            ],
                            [
                                806.0,
                                86.0
                            ],
                            [
                                802.0,
                                84.0
                            ],
                            [
                                798.0,
                                83.0
                            ],
                            [
                                793.0,
                                82.0
                            ],
                            [
                                783.0,
                                81.0
                            ],
                            [
                                769.0,
                                80.0
                            ],
                            [
                                750.0,
                                80.0
                            ],
                            [
                                743.0,
                                81.0
                            ],
                            [
                                739.0,
                                82.0
                            ],
                            [
                                733.0,
                                84.0
                            ],
                            [
                                727.0,
                                87.0
                            ],
                            [
                                720.0,
                                94.0
                            ]
                        ]
                    ],
                    [
                        [
                            [
                                993.0,
                                147.0
                            ],
                            [
                                996.0,
                                147.0
                            ],
                            [
                                999.0,
                                146.0
                            ],
                            [
                                1000.0,
                                145.0
                            ],
                            [
                                1001.0,
                                143.0
                            ],
                            [
                                1001.0,
                                141.0
                            ],
                            [
                                1000.0,
                                139.0
                            ],
                            [
                                998.0,
                                137.0
                            ],
                            [
                                996.0,
                                136.0
                            ],
                            [
                                992.0,
                                136.0
                            ],
                            [
                                990.0,
                                137.0
                            ],
                            [
                                987.0,
                                140.0
                            ],
                            [
                                987.0,
                                143.0
                            ],
                            [
                                990.0,
                                146.0
                            ],
                            [
                                993.0,
                                147.0
                            ]
                        ]
                    ],
                    [
                        [
                            [
                                846.0,
                                166.0
                            ],
                            [
                                847.0,
                                167.0
                            ],
                            [
                                850.0,
                                169.0
                            ],
                            [
                                857.0,
                                173.0
                            ],
                            [
                                868.0,
                                179.0
                            ],
                            [
                                876.0,
                                183.0
                            ],
                            [
                                881.0,
                                185.0
                            ],
                            [
                                887.0,
                                187.0
                            ],
                            [
                                891.0,
                                187.0
                            ],
                            [
                                893.0,
                                186.0
                            ],
                            [
                                895.0,
                                184.0
                            ],
                            [
                                897.0,
                                181.0
                            ],
                            [
                                901.0,
                                171.0
                            ],
                            [
                                902.0,
                                168.0
                            ],
                            [
                                904.0,
                                160.0
                            ],
                            [
                                904.0,
                                157.0
                            ],
                            [
                                903.0,
                                155.0
                            ],
                            [
                                902.0,
                                154.0
                            ],
                            [
                                899.0,
                                153.0
                            ],
                            [
                                886.0,
                                153.0
                            ],
                            [
                                847.0,
                                155.0
                            ],
                            [
                                845.0,
                                156.0
                            ],
                            [
                                844.0,
                                157.0
                            ],
                            [
                                844.0,
                                163.0
                            ],
                            [
                                846.0,
                                166.0
                            ]
                        ]
                    ],
                    [
                        [
                            [
                                683.0,
                                153.0
                            ],
                            [
                                678.0,
                                158.0
                            ],
                            [
                                678.0,
                                163.0
                            ],
                            [
                                680.0,
                                166.0
                            ],
                            [
                                720.0,
                                213.0
                            ],
                            [
                                724.0,
                                217.0
                            ],
                            [
                                727.0,
                                219.0
                            ],
                            [
                                729.0,
                                220.0
                            ],
                            [
                                732.0,
                                221.0
                            ],
                            [
                                736.0,
                                222.0
                            ],
                            [
                                746.0,
                                222.0
                            ],
                            [
                                750.0,
                                221.0
                            ],
                            [
                                756.0,
                                218.0
                            ],
                            [
                                759.0,
                                215.0
                            ],
                            [
                                760.0,
                                213.0
                            ],
                            [
                                760.0,
                                207.0
                            ],
                            [
                                759.0,
                                205.0
                            ],
                            [
                                718.0,
                                139.0
                            ],
                            [
                                717.0,
                                138.0
                            ],
                            [
                                716.0,
                                138.0
                            ],
                            [
                                710.0,
                                140.0
                            ],
                            [
                                705.0,
                                142.0
                            ],
                            [
                                698.0,
                                145.0
                            ],
                            [
                                686.0,
                                151.0
                            ],
                            [
                                683.0,
                                153.0
                            ]
                        ]
                    ],
                    [
                        [
                            [
                                515.0,
                                217.0
                            ],
                            [
                                516.0,
                                218.0
                            ],
                            [
                                518.0,
                                219.0
                            ],
                            [
                                633.0,
                                266.0
                            ],
                            [
                                637.0,
                                267.0
                            ],
                            [
                                640.0,
                                267.0
                            ],
                            [
                                644.0,
                                266.0
                            ],
                            [
                                647.0,
                                265.0
                            ],
                            [
                                649.0,
                                264.0
                            ],
                            [
                                652.0,
                                262.0
                            ],
                            [
                                662.0,
                                252.0
                            ],
                            [
                                664.0,
                                249.0
                            ],
                            [
                                665.0,
                                247.0
                            ],
                            [
                                665.0,
                                238.0
                            ],
                            [
                                664.0,
                                236.0
                            ],
                            [
                                662.0,
                                233.0
                            ],
                            [
                                652.0,
                                223.0
                            ],
                            [
                                646.0,
                                218.0
                            ],
                            [
                                641.0,
                                214.0
                            ],
                            [
                                637.0,
                                211.0
                            ],
                            [
                                634.0,
                                209.0
                            ],
                            [
                                626.0,
                                205.0
                            ],
                            [
                                620.0,
                                203.0
                            ],
                            [
                                530.0,
                                203.0
                            ],
                            [
                                527.0,
                                204.0
                            ],
                            [
                                521.0,
                                207.0
                            ],
                            [
                                516.0,
                                212.0
                            ],
                            [
                                515.0,
                                214.0
                            ],
                            [
                                515.0,
                                217.0
                            ]
                        ]
                    ],
                    [
                        [
                            [
                                451.0,
                                238.0
                            ],
                            [
                                449.0,
                                244.0
                            ],
                            [
                                448.0,
                                249.0
                            ],
                            [
                                438.0,
                                351.0
                            ],
                            [
                                438.0,
                                353.0
                            ],
                            [
                                440.0,
                                355.0
                            ],
                            [
                                452.0,
                                355.0
                            ],
                            [
                                457.0,
                                354.0
                            ],
                            [
                                460.0,
                                353.0
                            ],
                            [
                                465.0,
                                351.0
                            ],
                            [
                                468.0,
                                349.0
                            ],
                            [
                                473.0,
                                344.0
                            ],
                            [
                                475.0,
                                341.0
                            ],
                            [
                                476.0,
                                339.0
                            ],
                            [
                                488.0,
                                305.0
                            ],
                            [
                                490.0,
                                299.0
                            ],
                            [
                                491.0,
                                295.0
                            ],
                            [
                                491.0,
                                280.0
                            ],
                            [
                                489.0,
                                231.0
                            ],
                            [
                                488.0,
                                229.0
                            ],
                            [
                                486.0,
                                227.0
                            ],
                            [
                                483.0,
                                226.0
                            ],
                            [
                                470.0,
                                226.0
                            ],
                            [
                                465.0,
                                227.0
                            ],
                            [
                                460.0,
                                229.0
                            ],
                            [
                                457.0,
                                231.0
                            ],
                            [
                                453.0,
                                235.0
                            ],
                            [
                                451.0,
                                238.0
                            ]
                        ]
                    ],
                    [
                        [
                            [
                                869.0,
                                302.0
                            ],
                            [
                                868.0,
                                306.0
                            ],
                            [
                                868.0,
                                311.0
                            ],
                            [
                                871.0,
                                368.0
                            ],
                            [
                                872.0,
                                370.0
                            ],
                            [
                                876.0,
                                374.0
                            ],
                            [
                                878.0,
                                375.0
                            ],
                            [
                                882.0,
                                376.0
                            ],
                            [
                                884.0,
                                376.0
                            ],
                            [
                                887.0,
                                375.0
                            ],
                            [
                                889.0,
                                374.0
                            ],
                            [
                                891.0,
                                372.0
                            ],
                            [
                                967.0,
                                292.0
                            ],
                            [
                                967.0,
                                291.0
                            ],
                            [
                                966.0,
                                288.0
                            ],
                            [
                                964.0,
                                285.0
                            ],
                            [
                                960.0,
                                281.0
                            ],
                            [
                                956.0,
                                278.0
                            ],
                            [
                                953.0,
                                276.0
                            ],
                            [
                                945.0,
                                272.0
                            ],
                            [
                                942.0,
                                271.0
                            ],
                            [
                                907.0,
                                261.0
                            ],
                            [
                                903.0,
                                260.0
                            ],
                            [
                                896.0,
                                260.0
                            ],
                            [
                                892.0,
                                264.0
                            ],
                            [
                                882.0,
                                279.0
                            ],
                            [
                                877.0,
                                287.0
                            ],
                            [
                                874.0,
                                292.0
                            ],
                            [
                                869.0,
                                302.0
                            ]
                        ]
                    ],
                    [
                        [
                            [
                                680.0,
                                405.0
                            ],
                            [
                                679.0,
                                406.0
                            ],
                            [
                                678.0,
                                408.0
                            ],
                            [
                                678.0,
                                411.0
                            ],
                            [
                                680.0,
                                415.0
                            ],
                            [
                                691.0,
                                426.0
                            ],
                            [
                                695.0,
                                429.0
                            ],
                            [
                                701.0,
                                432.0
                            ],
                            [
                                708.0,
                                432.0
                            ],
                            [
                                712.0,
                                430.0
                            ],
                            [
                                737.0,
                                407.0
                            ],
                            [
                                742.0,
                                402.0
                            ],
                            [
                                743.0,
                                400.0
                            ],
                            [
                                743.0,
                                397.0
                            ],
                            [
                                742.0,
                                395.0
                            ],
                            [
                                739.0,
                                393.0
                            ],
                            [
                                733.0,
                                391.0
                            ],
                            [
                                718.0,
                                391.0
                            ],
                            [
                                710.0,
                                393.0
                            ],
                            [
                                692.0,
                                399.0
                            ],
                            [
                                687.0,
                                401.0
                            ],
                            [
                                683.0,
                                403.0
                            ],
                            [
                                680.0,
                                405.0
                            ]
                        ]
                    ],
                    [
                        [
                            [
                                867.0,
                                426.0
                            ],
                            [
                                867.0,
                                433.0
                            ],
                            [
                                868.0,
                                435.0
                            ],
                            [
                                871.0,
                                439.0
                            ],
                            [
                                872.0,
                                440.0
                            ],
                            [
                                877.0,
                                444.0
                            ],
                            [
                                883.0,
                                448.0
                            ],
                            [
                                887.0,
                                450.0
                            ],
                            [
                                890.0,
                                451.0
                            ],
                            [
                                899.0,
                                451.0
                            ],
                            [
                                901.0,
                                450.0
                            ],
                            [
                                907.0,
                                444.0
                            ],
                            [
                                908.0,
                                442.0
                            ],
                            [
                                909.0,
                                439.0
                            ],
                            [
                                909.0,
                                432.0
                            ],
                            [
                                908.0,
                                429.0
                            ],
                            [
                                906.0,
                                425.0
                            ],
                            [
                                898.0,
                                417.0
                            ],
                            [
                                894.0,
                                415.0
                            ],
                            [
                                891.0,
                                414.0
                            ],
                            [
                                881.0,
                                414.0
                            ],
                            [
                                875.0,
                                417.0
                            ],
                            [
                                871.0,
                                420.0
                            ],
                            [
                                870.0,
                                421.0
                            ],
                            [
                                868.0,
                                424.0
                            ],
                            [
                                867.0,
                                426.0
                            ]
                        ]
                    ],
                    [
                        [
                            [
                                698.0,
                                486.0
                            ],
                            [
                                700.0,
                                488.0
                            ],
                            [
                                704.0,
                                488.0
                            ],
                            [
                                706.0,
                                487.0
                            ],
                            [
                                712.0,
                                481.0
                            ],
                            [
                                716.0,
                                473.0
                            ],
                            [
                                716.0,
                                469.0
                            ],
                            [
                                715.0,
                                467.0
                            ],
                            [
                                710.0,
                                467.0
                            ],
                            [
                                707.0,
                                469.0
                            ],
                            [
                                702.0,
                                474.0
                            ],
                            [
                                698.0,
                                480.0
                            ],
                            [
                                697.0,
                                484.0
                            ],
                            [
                                698.0,
                                486.0
                            ]
                        ]
                    ],
                    [
                        [
                            [
                                574.0,
                                540.0
                            ],
                            [
                                574.0,
                                543.0
                            ],
                            [
                                579.0,
                                548.0
                            ],
                            [
                                582.0,
                                550.0
                            ],
                            [
                                587.0,
                                553.0
                            ],
                            [
                                595.0,
                                557.0
                            ],
                            [
                                602.0,
                                560.0
                            ],
                            [
                                605.0,
                                561.0
                            ],
                            [
                                610.0,
                                562.0
                            ],
                            [
                                613.0,
                                562.0
                            ],
                            [
                                618.0,
                                561.0
                            ],
                            [
                                624.0,
                                558.0
                            ],
                            [
                                629.0,
                                553.0
                            ],
                            [
                                630.0,
                                550.0
                            ],
                            [
                                630.0,
                                545.0
                            ],
                            [
                                629.0,
                                542.0
                            ],
                            [
                                627.0,
                                539.0
                            ],
                            [
                                624.0,
                                536.0
                            ],
                            [
                                621.0,
                                534.0
                            ],
                            [
                                615.0,
                                531.0
                            ],
                            [
                                610.0,
                                530.0
                            ],
                            [
                                603.0,
                                530.0
                            ],
                            [
                                593.0,
                                532.0
                            ],
                            [
                                585.0,
                                534.0
                            ],
                            [
                                579.0,
                                536.0
                            ],
                            [
                                575.0,
                                538.0
                            ],
                            [
                                574.0,
                                540.0
                            ]
                        ]
                    ],
                    [
                        [
                            [
                                709.0,
                                540.0
                            ],
                            [
                                704.0,
                                542.0
                            ],
                            [
                                694.0,
                                547.0
                            ],
                            [
                                689.0,
                                552.0
                            ],
                            [
                                688.0,
                                554.0
                            ],
                            [
                                688.0,
                                561.0
                            ],
                            [
                                689.0,
                                563.0
                            ],
                            [
                                694.0,
                                568.0
                            ],
                            [
                                702.0,
                                572.0
                            ],
                            [
                                706.0,
                                573.0
                            ],
                            [
                                713.0,
                                573.0
                            ],
                            [
                                784.0,
                                551.0
                            ],
                            [
                                787.0,
                                550.0
                            ],
                            [
                                791.0,
                                548.0
                            ],
                            [
                                794.0,
                                545.0
                            ],
                            [
                                795.0,
                                543.0
                            ],
                            [
                                796.0,
                                540.0
                            ],
                            [
                                796.0,
                                537.0
                            ],
                            [
                                795.0,
                                535.0
                            ],
                            [
                                791.0,
                                531.0
                            ],
                            [
                                787.0,
                                529.0
                            ],
                            [
                                783.0,
                                528.0
                            ],
                            [
                                771.0,
                                528.0
                            ],
                            [
                                733.0,
                                534.0
                            ],
                            [
                                727.0,
                                535.0
                            ],
                            [
                                719.0,
                                537.0
                            ],
                            [
                                712.0,
                                539.0
                            ],
                            [
                                709.0,
                                540.0
                            ]
                        ]
                    ],
                    [
                        [
                            [
                                827.0,
                                609.0
                            ],
                            [
                                831.0,
                                613.0
                            ],
                            [
                                837.0,
                                615.0
                            ],
                            [
                                844.0,
                                615.0
                            ],
                            [
                                849.0,
                                614.0
                            ],
                            [
                                880.0,
                                607.0
                            ],
                            [
                                896.0,
                                603.0
                            ],
                            [
                                905.0,
                                600.0
                            ],
                            [
                                913.0,
                                596.0
                            ],
                            [
                                918.0,
                                591.0
                            ],
                            [
                                918.0,
                                586.0
                            ],
                            [
                                917.0,
                                584.0
                            ],
                            [
                                914.0,
                                581.0
                            ],
                            [
                                911.0,
                                579.0
                            ],
                            [
                                909.0,
                                578.0
                            ],
                            [
                                903.0,
                                576.0
                            ],
                            [
                                893.0,
                                576.0
                            ],
                            [
                                887.0,
                                578.0
                            ],
                            [
                                831.0,
                                602.0
                            ],
                            [
                                828.0,
                                604.0
                            ],
                            [
                                827.0,
                                605.0
                            ],
                            [
                                827.0,
                                609.0
                            ]
                        ]
                    ],
                    [
                        [
                            [
                                919.0,
                                671.0
                            ],
                            [
                                921.0,
                                675.0
                            ],
                            [
                                926.0,
                                680.0
                            ],
                            [
                                934.0,
                                684.0
                            ],
                            [
                                939.0,
                                686.0
                            ],
                            [
                                951.0,
                                690.0
                            ],
                            [
                                959.0,
                                692.0
                            ],
                            [
                                967.0,
                                692.0
                            ],
                            [
                                969.0,
                                691.0
                            ],
                            [
                                972.0,
                                688.0
                            ],
                            [
                                973.0,
                                686.0
                            ],
                            [
                                974.0,
                                682.0
                            ],
                            [
                                974.0,
                                677.0
                            ],
                            [
                                973.0,
                                672.0
                            ],
                            [
                                970.0,
                                666.0
                            ],
                            [
                                968.0,
                                663.0
                            ],
                            [
                                967.0,
                                662.0
                            ],
                            [
                                963.0,
                                659.0
                            ],
                            [
                                959.0,
                                657.0
                            ],
                            [
                                956.0,
                                656.0
                            ],
                            [
                                952.0,
                                655.0
                            ],
                            [
                                940.0,
                                655.0
                            ],
                            [
                                933.0,
                                656.0
                            ],
                            [
                                929.0,
                                657.0
                            ],
                            [
                                923.0,
                                660.0
                            ],
                            [
                                920.0,
                                663.0
                            ],
                            [
                                919.0,
                                665.0
                            ],
                            [
                                919.0,
                                671.0
                            ]
                        ]
                    ],
                    [
                        [
                            [
                                711.0,
                                626.0
                            ],
                            [
                                690.0,
                                664.0
                            ],
                            [
                                688.0,
                                668.0
                            ],
                            [
                                688.0,
                                677.0
                            ],
                            [
                                709.0,
                                764.0
                            ],
                            [
                                710.0,
                                766.0
                            ],
                            [
                                711.0,
                                767.0
                            ],
                            [
                                732.0,
                                767.0
                            ],
                            [
                                734.0,
                                764.0
                            ],
                            [
                                738.0,
                                756.0
                            ],
                            [
                                739.0,
                                752.0
                            ],
                            [
                                764.0,
                                618.0
                            ],
                            [
                                764.0,
                                616.0
                            ],
                            [
                                763.0,
                                614.0
                            ],
                            [
                                760.0,
                                611.0
                            ],
                            [
                                756.0,
                                609.0
                            ],
                            [
                                753.0,
                                608.0
                            ],
                            [
                                748.0,
                                607.0
                            ],
                            [
                                734.0,
                                607.0
                            ],
                            [
                                728.0,
                                609.0
                            ],
                            [
                                725.0,
                                611.0
                            ],
                            [
                                720.0,
                                615.0
                            ],
                            [
                                719.0,
                                616.0
                            ],
                            [
                                714.0,
                                622.0
                            ],
                            [
                                711.0,
                                626.0
                            ]
                        ]
                    ]
                ]
            },
            "properties": {
                "terrain": "mountain"
            }
        }
    ]
}