{
    "type": "FeatureCollection",
    "features": [
        {
            "type": "Feature",
            "geometry": {
                "type": "MultiPolygon",
                "coordinates": [
                    [
                        [
                            [
                                79.0,
                                84.0
                            ],
                            [
                                74.0,
                                88.0
                            ],
                            [
                                67.0,
                                95.0
                            ],
                            [
                                66.0,
                                97.0
                            ],
                            [
                                66.0,
                                101.0
                            ],
                            [
                                69.0,
                                104.0
                            ],
                            [
                                77.0,
                                108.0
                            ],
                            [
                                86.0,
                                111.0
                            ],
                            [
                                94.0,
                                113.0
                            ],
                            [
                                101.0,
                                114.0
                            ],
                            [
                                205.0,
                                117.0
                            ],
                            [
                                228.0,
                                117.0
                            ],
                            [
                                261.0,
                                114.0
                            ],
                            [
                                266.0,
                                113.0
                            ],
                            [
                                269.0,
                                112.0
                            ],
                            [
                                273.0,
                                110.0
                            ],
                            [
                                276.0,
                                108.0
                            ],
                            [
                                279.0,
                                105.0
                            ],
                            [
                                281.0,
                                101.0
                            ],
                            [
                                281.0,
                                97.0
                            ],
                            [
                                279.0,
                                93.0
                            ],
                            [
                                276.0,
                                90.0
                            ],
                            [
                                270.0,
                                86.0
                            ],
                            [
                                264.0,
                                83.0
                            ],
                            [
                                231.0,
                                69.0
                            ],
                            [
                                225.0,
                                67.0
                            ],
                            [
                                122.0,
                                66.0
                            ],
                            [
                                111.0,
                                66.0
                            ],
                            [
                                105.0,
                                68.0
                            ],
                            [
                                101.0,
                                70.0
                            ],
                            [
                                96.0,
                                73.0
                            ],
                            [
                                85.0,
                                80.0
                            ],
                            [
                                79.0,
                                84.0
                            ]
                        ]
                    ],
                    [
                        [
                            [
                                31.0,
                                106.0
                            ],
                            [
                                33.0,
                                104.0
                            ],
                            [
                                34.0,
                                102.0
                            ],
                            [
                                34.0,
                                101.0
                            ],
                            [
                                33.0,
                                99.0
                            ],
                            [
                                27.0,
                                93.0
                            ],
                            [
                                23.0,
                                90.0
                            ],
                            [
                                14.0,
                                84.0
                            ],
                            [
                                9.0,
                                81.0
                            ],
                            [
                                1.0,
                                77.0
                            ],
                            [
                                0.0,
                                77.0
                            ],
                            [
                                0.0,
                                111.0
                            ],
                            [
                                17.0,
                                111.0
                            ],
                            [
                                22.0,
                                110.0
                            ],
                            [
                                25.0,
                                109.0
                            ],
                            [
                                31.0,
                                106.0
                            ]
                        ]
                    ],
                    [
                        [
                            [
                                189.0,
                                184.0
                            ],
                            [
                                194.0,
                                189.0
                            ],
                            [
                                196.0,
                                190.0
                            ],
                            [
                                202.0,
                                190.0
                            ],
                            [
                                205.0,
                                189.0
                            ],
                            [
                                208.0,
                                187.0
                            ],
                            [
                                210.0,
                                185.0
                            ],
                            [
                                211.0,
                                183.0
                            ],
                            [
                                211.0,
                                177.0
                            ],
                            [
                                207.0,
                                173.0
                            ],
                            [
                                203.0,
                                171.0
                            ],
                            [
                                195.0,
                                171.0
                            ],
                            [
                                191.0,
                                173.0
                            ],
                            [
                                190.0,
                                174.0
                            ],
                            [
                                188.0,
                                178.0
                            ],
                            [
                                188.0,
                                181.0
                            ],
                            [
                                189.0,
                                184.0
                            ]
                        ]
                    ],
                    [
                        [
                            [
                                242.0,
                                285.0
                            ],
                            [
                                242.0,
                                290.0
                            ],
                            [
                                244.0,
                                294.0
                            ],
                            [
                                248.0,
                                298.0
                            ],
                            [
                                302.0,
                                344.0
                            ],
                            [
                                304.0,
                                345.0
                            ],
                            [
                                309.0,
                                345.0
                            ],
                            [
                                311.0,
                                344.0
                            ],
                            [
                                315.0,
                                340.0
                            ],
                            [
                                318.0,
                                334.0
                            ],
                            [
                                319.0,
                                331.0
                            ],
                            [
                                333.0,
                                283.0
                            ],
                            [
                                334.0,
                                278.0
                            ],
                            [
                                334.0,
                                275.0
                            ],
                            [
                                333.0,
                                271.0
                            ],
                            [
                                332.0,
                                268.0
                            ],
                            [
                                330.0,
                                264.0
                            ],
                            [
                                324.0,
                                255.0
                            ],
                            [
                                321.0,
                                251.0
                            ],
                            [
                                317.0,
                                247.0
                            ],
                            [
                                314.0,
                                245.0
                            ],
                            [
                                308.0,
                                242.0
                            ],
                            [
                                304.0,
                                241.0
                            ],
                            [
                                296.0,
                                241.0
                            ],
                            [
                                292.0,
                                242.0
                            ],
                            [
                                286.0,
                                245.0
                            ],
                            [
                                283.0,
                                247.0
                            ],
                            [
                                249.0,
                                276.0
                            ],
                            [
                                244.0,
                                281.0
                            ],
                            [
                                242.0,
                                285.0
                            ]
                        ]
                    ],
                    [
                        [
                            [
                                94.0,
                                299.0
                            ],
                            [
                                94.0,
                                303.0
                            ],
                            [
                                95.0,
                                305.0
                            ],
                            [
                                101.0,
                                311.0
                            ],
                            [
                                106.0,
                                315.0
                            ],
                            [
                                118.0,
                                324.0
                            ],
                            [
                                123.0,
                                327.0
                            ],
                            [
                                128.0,
                                329.0
                            ],
                            [
                                132.0,
                                330.0
                            ],
                            [
                                139.0,
                                330.0
                            ],
                            [
                                142.0,
                                329.0
                            ],
                            [
                                145.0,
                                327.0
                            ],
                            [
                                146.0,
                                326.0
                            ],
                            [
                                148.0,
                                323.0
                            ],
                            [
                                150.0,
                                317.0
                            ],
                            [
                                151.0,
                                312.0
                            ],
                            [
                                151.0,
                                306.0
                            ],
                            [
                                150.0,
                                302.0
                            ],
                            [
                                148.0,
                                298.0
                            ],
                            [
                                146.0,
                                295.0
                            ],
                            [
                                142.0,
                                291.0
                            ],
                            [
                                139.0,
                                289.0
                            ],
                            [
                                133.0,
                                286.0
                            ],
                            [
                                129.0,
                                285.0
                            ],
                            [
                                117.0,
                                285.0
                            ],
                            [
                                113.0,
                                286.0
                            ],
                            [
                                107.0,
                                288.0
                            ],
                            [
                                103.0,
                                290.0
                            ],
                            [
                                100.0,
                                292.0
                            ],
                            [
                                95.0,
                                297.0
                            ],
                            [
                                94.0,
                                299.0
                            ]
                        ]
                    ],
                    [
                        [
                            [
                                185.0,
                                399.0
                            ],
                            [
                                184.0,
                                402.0
                            ],
                            [
                                183.0,
                                406.0
                            ],
                            [
                                183.0,
                                407.0
                            ],
                            [
                                184.0,
                                409.0
                            ],
                            [
                                192.0,
                                409.0
                            ],
                            [
                                195.0,
                                408.0
                            ],
                            [
                                201.0,
                                405.0
                            ],
                            [
                                204.0,
                                403.0
                            ],
                            [
                                208.0,
                                399.0
                            ],
                            [
                                210.0,
                                395.0
                            ],
                            [
                                210.0,
                                391.0
                            ],
                            [
                                209.0,
                                388.0
                            ],
                            [
                                207.0,
                                385.0
                            ],
                            [
                                203.0,
                                381.0
                            ],
                            [
                                200.0,
                                380.0
                            ],
                            [
                                198.0,
                                380.0
                            ],
                            [
                                196.0,
                                381.0
                            ],
                            [
                                192.0,
                                385.0
                            ],
                            [
                                190.0,
                                388.0
                            ],
                            [
                                187.0,
                                394.0
                            ],
                            [
                                185.0,
                                399.0
                            ]
                        ]
                    ],
                    [
                        [
                            [
                                84.0,
                                402.0
                            ],
                            [
                                83.0,
                                404.0
                            ],
                            [
                                83.0,
                                410.0
                            ],
                            [
                                84.0,
                                412.0
                            ],
                            [
                                85.0,
                                413.0
                            ],
                            [
                                134.0,
                                449.0
                            ],
                            [
                                141.0,
                                449.0
                            ],
                            [
                                147.0,
                                446.0
                            ],
                            [
                                151.0,
                                443.0
                            ],
                            [
                                157.0,
                                437.0
                            ],
                            [
                                161.0,
                                431.0
                            ],
                            [
                                162.0,
                                429.0
                            ],
                            [
                                163.0,
                                426.0
                            ],
                            [
                                163.0,
                                423.0
                            ],
                            [
                                160.0,
                                420.0
                            ],
                            [
                                114.0,
                                394.0
                            ],
                            [
                                108.0,
                                391.0
                            ],
                            [
                                98.0,
                                391.0
                            ],
                            [
                                95.0,
                                392.0
                            ],
                            [
                                92.0,
                                394.0
                            ],
                            [
                                88.0,
                                397.0
                            ],
                            [
                                87.0,
                                398.0
                            ],
                            [
                                84.0,
                                402.0
                            ]
                        ]
                    ],
                    [
                        [
                            [
                                186.0,
                                501.0
                            ],
                            [
                                194.0,
                                505.0
                            ],
                            [
                                198.0,
                                506.0
                            ],
                            [
                                205.0,
                                506.0
                            ],
                            [
                                209.0,
                                504.0
                            ],
                            [
                                210.0,
                                502.0
                            ],
                            [
                                211.0,
                                499.0
                            ],
                            [
                                210.0,
                                496.0
                            ],
                            [
                                209.0,
                                494.0
                            ],
                            [
                                206.0,
                                492.0
                            ],
                            [
                                203.0,
                                491.0
                            ],
                            [
                                188.0,
                                491.0
                            ],
                            [
                                184.0,
                                493.0
                            ],
                            [
                                183.0,
                                494.0
                            ],
                            [
                                183.0,
                                497.0
                            ],
                            [
                                184.0,
                                499.0
                            ],
                            [
                                186.0,
                                501.0
                            ]
                        ]
                    ],
                    [
                        [
                            [
                                20.0,
                                548.0
                            ],
                            [
                                20.0,
                                543.0
                            ],
                            [
                                19.0,
                                541.0
                            ],
                            [
                                11.0,
                                533.0
                            ],
                            [
                                8.0,
                                531.0
                            ],
                            [
                                0.0,
                                527.0
                            ],
                            [
                                0.0,
                                558.0
                            ],
                            [
                                2.0,
                                558.0
                            ],
                            [
                                5.0,
                                557.0
                            ],
                            [
                                10.0,
                                555.0
                            ],
                            [
                                16.0,
                                552.0
                            ],
                            [
                                20.0,
                                548.0
                            ]
                        ]
                    ],
                    [
                        [
                            [
                                222.0,
                                603.0
                            ],
                            [
                                224.0,
                                604.0
                            ],
                            [
                                233.0,
                                604.0
                            ],
                            [
                                237.0,
                                603.0
                            ],
                            [
                                240.0,
                                602.0
                            ],
                            [
                                244.0,
                                600.0
                            ],
                            [
                                246.0,
                                598.0
                            ],
                            [
                                247.0,
                                596.0
                            ],
                            [
                                247.0,
                                594.0
                            ],
                            [
                                245.0,
                                590.0
                            ],
                            [
                                239.0,
                                584.0
                            ],
                            [
                                233.0,
                                581.0
                            ],
                            [
                                230.0,
                                580.0
                            ],
                            [
                                222.0,
                                580.0
                            ],
                            [
                                220.0,
                                582.0
                            ],
                            [
                                219.0,
                                584.0
                            ],
                            [
                                218.0,
                                587.0
                            ],
                            [
                                218.0,
                                597.0
                            ],
                            [
                                219.0,
                                600.0
                            ],
                            [
                                222.0,
                                603.0
                            ]
                        ]
                    ],
                    [
                        [
                            [
                                94.0,
                                624.0
                            ],
                            [
                                97.0,
                                625.0
                            ],
                            [
                                100.0,
                                625.0
                            ],
                            [
                                104.0,
                                623.0
                            ],
                            [
                                105.0,
                                622.0
                            ],
                            [
                                106.0,
                                619.0
                            ],
                            [
                                105.0,
                                615.0
                            ],
                            [
                                100.0,
                                610.0
                            ],
                            [
                                98.0,
                                609.0
                            ],
                            [
                                95.0,
                                608.0
                            ],
                            [
                                90.0,
                                607.0
                            ],
                            [
                                86.0,
                                607.0
                            ],
                            [
                                81.0,
                                608.0
                            ],
                            [
                                80.0,
                                609.0
                            ],
                            [
                                80.0,
                                612.0
                            ],
                            [
                                90.0,
                                622.0
                            ],
                            [
                                94.0,
                                624.0
                            ]
                        ]
                    ],
                    [
                        [
                            [
                                195.0,
                                639.0
                            ],
                            [
                                197.0,
                                640.0
                            ],
                            [
                                201.0,
                                640.0
                            ],
                            [
                                203.0,
                                638.0
                            ],
                            [
                                204.0,
                                636.0
                            ],
                            [
                                205.0,
                                633.0
                            ],
                            [
                                205.0,
                                629.0
                            ],
                            [
                                204.0,
                                626.0
                            ],
                            [
                                203.0,
                                625.0
                            ],
                            [
                                201.0,
                                624.0
                            ],
                            [
                                198.0,
                                624.0
                            ],
                            [
                                195.0,
                                625.0
                            ],
                            [
                                191.0,
                                629.0
                            ],
                            [
                                191.0,
                                634.0
                            ],
                            [
                                193.0,
                                637.0
                            ],
                            [
                                195.0,
                                639.0
                            ]
                        ]
                    ],
                    [
                        [
                            [
                                0.0,
                                750.0
                            ],
                            [
                                1.0,
                                751.0
                            ],
                            [
                                29.0,
                                758.0
                            ],
                            [
                                38.0,
                                758.0
                            ],
                            [
                                39.0,
                                756.0
                            ],
                            [
                                39.0,
                                750.0
                            ],
                            [
                                38.0,
                                744.0
                            ],
                            [
                                36.0,
                                736.0
                            ],
                            [
                                34.0,
                                730.0
                            ],
                            [
                                33.0,
                                728.0
                            ],
                            [
                                31.0,
                                725.0
                            ],
                            [
                                28.0,
                                722.0
                            ],
                            [
                                26.0,
                                721.0
                            ],
                            [
                                23.0,
                                720.0
                            ],
                            [
                                17.0,
                                720.0
                            ],
                            [
                                12.0,
                                721.0
                            ],
                            [
                                8.0,
                                722.0
                            ],
                            [
                                5.0,
                                723.0
                            ],
                            [
                                0.0,
                                725.0
                            ],
                            [
                                0.0,
                                750.0
                            ]
                        ]
                    ],
                    [
                        [
                            [
                                160.0,
                                745.0
                            ],
                            [
                                164.0,
                                747.0
                            ],
                            [
                                211.0,
                                767.0
                            ],
                            [
                                225.0,
                                767.0
                            ],
                            [
                                225.0,
                                766.0
                            ],
                            [
                                223.0,
                                762.0
                            ],
                            [
                                214.0,
                                753.0
                            ],
                            [
                                210.0,
                                750.0
                            ],
                            [
                                204.0,
                                746.0
                            ],
                            [
                                194.0,
                                740.0
                            ],
                            [
                                186.0,
                                736.0
                            ],
                            [
                                181.0,
                                734.0
                            ],
                            [
                                178.0,
                                733.0
                            ],
                            [
                                171.0,
                                731.0
                            ],
                            [
                                167.0,
                                730.0
                            ],
                            [
                                162.0,
                                729.0
                            ],
                            [
                                161.0,
                                729.0
                            ],
                            [
                                158.0,
                                730.0
                            ],
                            [
                                156.0,
                                731.0
                            ],
                            [
                                155.0,
                                733.0
                            ],
                            [
                                155.0,
                                739.0
                            ],
                            [
                                156.0,
                                741.0
                            ],
                            [
                                160.0,
                                745.0
                            ]
                        ]
                    ],
                    [
                        [
                            [
                                550.0,
                                36.0
                            ],
                            [
                                551.0,
                                38.0
                            ],
                            [
                                554.0,
                                41.0
                            ],
                            [
                                562.0,
                                45.0
                            ],
                            [
                                568.0,
                                47.0
                            ],
                            [
                                573.0,
                                48.0
                            ],
                            [
                                590.0,
                                48.0
                            ],
                            [
                                596.0,
                                47.0
                            ],
                            [
                                600.0,
                                46.0
                            ],
                            [
                                609.0,
                                43.0
                            ],
                            [
                                611.0,
                                42.0
                            ],
                            [
                                614.0,
                                40.0
                            ],
                            [
                                616.0,
                                38.0
                            ],
                            [
                                617.0,
                                36.0
                            ],
                            [
                                617.0,
                                34.0
                            ],
                            [
                                616.0,
                                32.0
                            ],
                            [
                                610.0,
                                26.0
                            ],
                            [
                                592.0,
                                14.0
                            ],
                            [
                                584.0,
                                10.0
                            ],
                            [
                                573.0,
                                10.0
                            ],
                            [
                                567.0,
                                13.0
                            ],
                            [
                                564.0,
                                15.0
                            ],
                            [
                                553.0,
                                26.0
                            ],
                            [
                                551.0,
                                29.0
                            ],
                            [
                                550.0,
                                31.0
                            ],
                            [
                                550.0,
                                36.0
                            ]
                        ]
                    ],
                    [
                        [
                            [
                                450.0,
                                44.0
                            ],
                            [
                                451.0,
                                46.0
                            ],
                            [
                                453.0,
                                49.0
                            ],
                            [
                                461.0,
                                57.0
                            ],
                            [
                                463.0,
                                58.0
                            ],
                            [
                                466.0,
                                59.0
                            ],
                            [
                                473.0,
                                59.0
                            ],
                            [
                                477.0,
                                58.0
                            ],
                            [
                                480.0,
                                57.0
                            ],
                            [
                                490.0,
                                53.0
                            ],
                            [
                                508.0,
                                44.0
                            ],
                            [
                                514.0,
                                38.0
                            ],
                            [
                                514.0,
                                32.0
                            ],
                            [
                                512.0,
                                28.0
                            ],
                            [
                                495.0,
                                0.0
                            ],
                            [
                                442.0,
                                0.0
                            ],
                            [
                                442.0,
                                2.0
                            ],
                            [
                                445.0,
                                25.0
                            ],
                            [
                                446.0,
                                31.0
                            ],
                            [
                                448.0,
                                39.0
                            ],
                            [
                                450.0,
                                44.0
                            ]
                        ]
                    ],
                    [
                        [
                            [
                                335.0,
                                99.0
                            ],
                            [
                                337.0,
                                103.0
                            ],
                            [
                                339.0,
                                106.0
                            ],
                            [
                                346.0,
                                113.0
                            ],
                            [
                                350.0,
                                116.0
                            ],
                            [
                                356.0,
                                119.0
                            ],
                            [
                                360.0,
                                120.0
                            ],
                            [
                                362.0,
                                120.0
                            ],
                            [
                                366.0,
                                119.0
                            ],
                            [
                                369.0,
                                117.0
                            ],
                            [
                                372.0,
                                114.0
                            ],
                            [
                                374.0,
                                111.0
                            ],
                            [
                                376.0,
                                107.0
                            ],
                            [
                                377.0,
                                103.0
                            ],
                            [
                                377.0,
                                92.0
                            ],
                            [
                                376.0,
                                89.0
                            ],
                            [
                                374.0,
                                85.0
                            ],
                            [
                                369.0,
                                80.0
                            ],
                            [
                                367.0,
                                79.0
                            ],
                            [
                                364.0,
                                78.0
                            ],
                            [
                                356.0,
                                78.0
                            ],
                            [
                                350.0,
                                80.0
                            ],
                            [
                                346.0,
                                82.0
                            ],
                            [
                                343.0,
                                84.0
                            ],
                            [
                                336.0,
                                91.0
                            ],
                            [
                                335.0,
                                93.0
                            ],
                            [
                                335.0,
                                99.0
                            ]
                        ]
                    ],
                    [
                        [
                            [
                                454.0,
                                161.0
                            ],
                            [
                                456.0,
                                167.0
                            ],
                            [
                                459.0,
                                173.0
                            ],
                            [
                                463.0,
                                179.0
                            ],
                            [
                                468.0,
                                184.0
                            ],
                            [
                                471.0,
                                186.0
                            ],
                            [
                                473.0,
                                187.0
                            ],
                            [
                                477.0,
                                188.0
                            ],
                            [
                                483.0,
                                188.0
                            ],
                            [
                                585.0,
                                181.0
                            ],
                            [
                                589.0,
                                180.0
                            ],
                            [
                                592.0,
                                179.0
                            ],
                            [
                                599.0,
                                176.0
                            ],
                            [
                                611.0,
                                170.0
                            ],
                            [
                                614.0,
                                168.0
                            ],
                            [
                                616.0,
                                166.0
                            ],
                            [
                                618.0,
                                162.0
                            ],
                            [
                                618.0,
                                159.0
                            ],
                            [
                                617.0,
                                157.0
                            ],
                            [
                                616.0,
                                156.0
                            ],
                            [
                                614.0,
                                155.0
                            ],
                            [
                                547.0,
                                131.0
                            ],
                            [
                                544.0,
                                130.0
                            ],
                            [
                                541.0,
                                130.0
                            ],
                            [
                                537.0,
                                131.0
                            ],
                            [
                                458.0,
                                152.0
                            ],
                            [
                                456.0,
                                153.0
                            ],
                            [
                                455.0,
                                154.0
                            ],
                            [
                                454.0,
                                156.0
                            ],
                            [
                                454.0,
                                161.0
                            ]
                        ]
                    ],
                    [
                        [
                            [
                                534.0,
                                268.0
                            ],
                            [
                                535.0,
                                271.0
                            ],
                            [
                                539.0,
                                279.0
                            ],
                            [
                                546.0,
                                286.0
                            ],
                            [
                                550.0,
                                288.0
                            ],
                            [
                                554.0,
                                289.0
                            ],
                            [
                                559.0,
                                289.0
                            ],
                            [
                                564.0,
                                288.0
                            ],
                            [
                                570.0,
                                286.0
                            ],
                            [
                                578.0,
                                282.0
                            ],
                            [
                                581.0,
                                280.0
                            ],
                            [
                                586.0,
                                275.0
                            ],
                            [
                                587.0,
                                273.0
                            ],
                            [
                                587.0,
                                267.0
                            ],
                            [
                                586.0,
                                265.0
                            ],
                            [
                                583.0,
                                261.0
                            ],
                            [
                                582.0,
                                260.0
                            ],
                            [
                                573.0,
                                252.0
                            ],
                            [
                                569.0,
                                249.0
                            ],
                            [
                                566.0,
                                247.0
                            ],
                            [
                                562.0,
                                245.0
                            ],
                            [
                                556.0,
                                243.0
                            ],
                            [
                                545.0,
                                243.0
                            ],
                            [
                                542.0,
                                244.0
                            ],
                            [
                                538.0,
                                246.0
                            ],
                            [
                                536.0,
                                248.0
                            ],
                            [
                                534.0,
                                252.0
                            ],
                            [
                                534.0,
                                268.0
                            ]
                        ]
                    ],
                    [
                        [
                            [
                                553.0,
                                403.0
                            ],
                            [
                                554.0,
                                407.0
                            ],
                            [
                                558.0,
                                415.0
                            ],
                            [
                                561.0,
                                419.0
                            ],
                            [
                                562.0,
                                420.0
                            ],
                            [
                                566.0,
                                423.0
                            ],
                            [
                                568.0,
                                424.0
                            ],
                            [
                                571.0,
                                425.0
                            ],
                            [
                                578.0,
                                425.0
                            ],
                            [
                                580.0,
                                424.0
                            ],
                            [
                                583.0,
                                421.0
                            ],
                            [
                                605.0,
                                346.0
                            ],
                            [
                                605.0,
                                342.0
                            ],
                            [
                                604.0,
                                340.0
                            ],
                            [
                                603.0,
                                339.0
                            ],
                            [
                                600.0,
                                337.0
                            ],
                            [
                                592.0,
                                333.0
                            ],
                            [
                                576.0,
                                327.0
                            ],
                            [
                                564.0,
                                323.0
                            ],
                            [
                                559.0,
                                322.0
                            ],
                            [
                                551.0,
                                322.0
                            ],
                            [
                                548.0,
                                323.0
                            ],
                            [
                                544.0,
                                325.0
                            ],
                            [
                                540.0,
                                329.0
                            ],
                            [
                                539.0,
                                331.0
                            ],
                            [
                                539.0,
                                341.0
                            ],
                            [
                                553.0,
                                403.0
                            ]
                        ]
                    ],
                    [
                        [
                            [
                                281.0,
                                389.0
                            ],
                            [
                                281.0,
                                394.0
                            ],
                            [
                                283.0,
                                398.0
                            ],
                            [
                                289.0,
                                404.0
                            ],
                            [
                                292.0,
                                406.0
                            ],
                            [
                                296.0,
                                408.0
                            ],
                            [
                                302.0,
                                410.0
                            ],
                            [
                                306.0,
                                411.0
                            ],
                            [
                                319.0,
                                411.0
                            ],
                            [
                                322.0,
                                410.0
                            ],
                            [
                                324.0,
                                409.0
                            ],
                            [
                                327.0,
                                406.0
                            ],
                            [
                                328.0,
                                404.0
                            ],
                            [
                                328.0,
                                396.0
                            ],
                            [
                                327.0,
                                393.0
                            ],
                            [
                                324.0,
                                387.0
                            ],
                            [
                                314.0,
                                372.0
                            ],
                            [
                                306.0,
                                364.0
                            ],
                            [
                                302.0,
                                364.0
                            ],
                            [
                                299.0,
                                365.0
                            ],
                            [
                                295.0,
                                368.0
                            ],
                            [
                                288.0,
                                375.0
                            ],
                            [
                                286.0,
                                378.0
                            ],
                            [
                                282.0,
                                386.0
                            ],
                            [
                                281.0,
                                389.0
                            ]
                        ]
                    ],
                    [
                        [
                            [
                                651.0,
                                455.0
                            ],
                            [
                                653.0,
                                456.0
                            ],
                            [
                                656.0,
                                456.0
                            ],
                            [
                                658.0,
                                454.0
                            ],
                            [
                                658.0,
                                446.0
                            ],
                            [
                                657.0,
                                444.0
                            ],
                            [
                                654.0,
                                441.0
                            ],
                            [
                                652.0,
                                440.0
                            ],
                            [
                                647.0,
                                440.0
                            ],
                            [
                                645.0,
                                442.0
                            ],
                            [
                                645.0,
                                444.0
                            ],
                            [
                                647.0,
                                449.0
                            ],
                            [
                                649.0,
                                453.0
                            ],
                            [
                                651.0,
                                455.0
                            ]
                        ]
                    ],
                    [
                        [
                            [
                                379.0,
                                468.0
                            ],
                            [
                                380.0,
                                473.0
                            ],
                            [
                                385.0,
                                483.0
                            ],
                            [
                                388.0,
                                487.0
                            ],
                            [
                                391.0,
                                490.0
                            ],
                            [
                                395.0,
                                493.0
                            ],
                            [
                                401.0,
                                496.0
                            ],
                            [
                                405.0,
                                497.0
                            ],
                            [
                                411.0,
                                497.0
                            ],
                            [
                                415.0,
                                496.0
                            ],
                            [
                                418.0,
                                495.0
                            ],
                            [
                                422.0,
                                493.0
                            ],
                            [
                                427.0,
                                490.0
                            ],
                            [
                                434.0,
                                483.0
                            ],
                            [
                                434.0,
                                478.0
                            ],
                            [
                                433.0,
                                476.0
                            ],
                            [
                                429.0,
                                472.0
                            ],
                            [
                                426.0,
                                470.0
                            ],
                            [
                                419.0,
                                466.0
                            ],
                            [
                                417.0,
                                465.0
                            ],
                            [
                                404.0,
                                459.0
                            ],
                            [
                                399.0,
                                457.0
                            ],
                            [
                                393.0,
                                455.0
                            ],
                            [
                                386.0,
                                455.0
                            ],
                            [
                                384.0,
                                456.0
                            ],
                            [
                                381.0,
                                459.0
                            ],
                            [
                                380.0,
                                461.0
                            ],
                            [
                                379.0,
                                464.0
                            ],
                            [
                                379.0,
                                468.0
                            ]
                        ]
                    ],
                    [
                        [
                            [
                                553.0,
                                598.0
                            ],
                            [
                                554.0,
                                600.0
                            ],
                            [
                                557.0,
                                603.0
                            ],
                            [
                                561.0,
                                605.0
                            ],
                            [
                                564.0,
                                606.0
                            ],
                            [
                                577.0,
                                606.0
                            ],
                            [
                                580.0,
                                605.0
                            ],
                            [
                                584.0,
                                603.0
                            ],
                            [
                                587.0,
                                600.0
                            ],
                            [
                                588.0,
                                598.0
                            ],
                            [
                                588.0,
                                593.0
                            ],
                            [
                                587.0,
                                591.0
                            ],
                            [
                                583.0,
                                587.0
                            ],
                            [
                                579.0,
                                585.0
                            ],
                            [
                                573.0,
                                583.0
                            ],
                            [
                                565.0,
                                583.0
                            ],
                            [
                                561.0,
                                584.0
                            ],
                            [
                                559.0,
                                585.0
                            ],
                            [
                                554.0,
                                590.0
                            ],
                            [
                                553.0,
                                592.0
                            ],
                            [
                                553.0,
                                598.0
                            ]
                        ]
                    ],
                    [
                        [
                            [
                                258.0,
                                672.0
                            ],
                            [
                                258.0,
                                677.0
                            ],
                            [
                                260.0,
                                679.0
                            ],
                            [
                                264.0,
                                681.0
                            ],
                            [
                                276.0,
                                681.0
                            ],
                            [
                                280.0,
                                680.0
                            ],
                            [
                                283.0,
                                679.0
                            ],
                            [
                                288.0,
                                677.0
                            ],
                            [
                                298.0,
                                672.0
                            ],
                            [
                                302.0,
                                669.0
                            ],
                            [
                                349.0,
                                603.0
                            ],
                            [
                                349.0,
                                602.0
                            ],
                            [
                                346.0,
                                599.0
                            ],
                            [
                                344.0,
                                598.0
                            ],
                            [
                                341.0,
                                597.0
                            ],
                            [
                                337.0,
                                596.0
                            ],
                            [
                                327.0,
                                596.0
                            ],
                            [
                                323.0,
                                597.0
                            ],
                            [
                                317.0,
                                599.0
                            ],
                            [
                                301.0,
                                607.0
                            ],
                            [
                                297.0,
                                610.0
                            ],
                            [
                                295.0,
                                612.0
                            ],
                            [
                                258.0,
                                672.0
                            ]
                        ]
                    ],
                    [
                        [
                            [
                                349.0,
                                686.0
                            ],
                            [
                                353.0,
                                690.0
                            ],
                            [
                                355.0,
                                691.0
                            ],
                            [
                                358.0,
                                692.0
                            ],
                            [
                                363.0,
                                692.0
                            ],
                            [
                                367.0,
                                690.0
                            ],
                            [
                                370.0,
                                687.0
                            ],
                            [
                                371.0,
                                685.0
                            ],
                            [
                                371.0,
                                681.0
                            ],
                            [
                                368.0,
                                678.0
                            ],
                            [
                                365.0,
                                677.0
                            ],
                            [
                                355.0,
                                677.0
                            ],
                            [
                                352.0,
                                678.0
                            ],
                            [
                                350.0,
                                679.0
                            ],
                            [
                                349.0,
                                680.0
                            ],
                            [
                                348.0,
                                682.0
                            ],
                            [
                                348.0,
                                684.0
                            ],
                            [
                                349.0,
                                686.0
                            ]
                        ]
                    ],
                    [
                        [
                            [
                                602.0,
                                750.0
                            ],
                            [
                                612.0,
                                760.0
                            ],
                            [
                                620.0,
                                767.0
                            ],
                            [
                                660.0,
                                767.0
                            ],
                            [
                                670.0,
                                732.0
                            ],
                            [
                                671.0,
                                728.0
                            ],
                            [
                                671.0,
                                722.0
                            ],
                            [
                                670.0,
                                718.0
                            ],
                            [
                                666.0,
                                710.0
                            ],
                            [
                                662.0,
                                704.0
                            ],
                            [
                                659.0,
                                700.0
                            ],
                            [
                                653.0,
                                694.0
                            ],
                            [
                                650.0,
                                692.0
                            ],
                            [
                                648.0,
                                691.0
                            ],
                            [
                                645.0,
                                690.0
                            ],
                            [
                                639.0,
                                690.0
                            ],
                            [
                                635.0,
                                694.0
                            ],
                            [
                                602.0,
                                738.0
                            ],
                            [
                                600.0,
                                741.0
                            ],
                            [
                                600.0,
                                747.0
                            ],
                            [
                                602.0,
                                750.0
                            ]
                        ]
                    ],
                    [
                        [
                            [
                                352.0,
                                745.0
                            ],
                            [
                                351.0,
                                747.0
                            ],
                            [
                                350.0,
                                750.0
                            ],
                            [
                                350.0,
                                754.0
                            ],
                            [
                                352.0,
                                758.0
                            ],
                            [
                                354.0,
                                761.0
                            ],
                            [
                                360.0,
                                767.0
                            ],
                            [
                                405.0,
                                767.0
                            ],
                            [
                                415.0,
                                759.0
                            ],
                            [
                                425.0,
                                749.0
                            ],
                            [
                                426.0,
                                747.0
                            ],
                            [
                                426.0,
                                743.0
                            ],
                            [
                                425.0,
                                742.0
                            ],
                            [
                                421.0,
                                740.0
                            ],
                            [
                                415.0,
                                738.0
                            ],
                            [
                                399.0,
                                734.0
                            ],
                            [
                                393.0,
                                733.0
                            ],
                            [
                                385.0,
                                732.0
                            ],
                            [
                                377.0,
                                732.0
                            ],
                            [
                                371.0,
                                733.0
                            ],
                            [
                                367.0,
                                734.0
                            ],
                            [
                                361.0,
                                737.0
                            ],
                            [
                                358.0,
                                739.0
                            ],
                            [
                                352.0,
                                745.0
                            ]
                        ]
                    ],
                    [
                        [
                            [
                                719.0,
                                26.0
                            ],
                            [
                                714.0,
                                31.0
                            ],
                            [
                                712.0,
                                35.0
                            ],
                            [
                                712.0,
                                37.0
                            ],
                            [
                                713.0,
                                39.0
                            ],
                            [
                                717.0,
                                43.0
                            ],
                            [
                                721.0,
                                45.0
                            ],
                            [
                                724.0,
                                46.0
                            ],
                            [
                                728.0,
                                47.0
                            ],
                            [
                                735.0,
                                48.0
                            ],
                            [
                                793.0,
                                48.0
                            ],
                            [
                                870.0,
                                47.0
                            ],
                            [
                                875.0,
                                46.0
                            ],
                            [
                                878.0,
                                45.0
                            ],
                            [
                                882.0,
                                43.0
                            ],
                            [
                                885.0,
                                41.0
                            ],
                            [
                                886.0,
                                39.0
                            ],
                            [
                                886.0,
                                36.0
                            ],
                            [
                                884.0,
                                33.0
                            ],
                            [
                                878.0,
                                28.0
                            ],
                            [
                                874.0,
                                25.0
                            ],
                            [
                                868.0,
                                21.0
                            ],
                            [
                                863.0,
                                18.0
                            ],
                            [
                                845.0,
                                9.0
                            ],
                            [
                                840.0,
                                7.0
                            ],
                            [
                                834.0,
                                5.0
                            ],
                            [
                                829.0,
                                4.0
                            ],
                            [
                                821.0,
                                4.0
                            ],
                            [
                                743.0,
                                15.0
                            ],
                            [
                                739.0,
                                16.0
                            ],
                            [
                                733.0,
                                18.0
                            ],
                            [
                                725.0,
                                22.0
                            ],
                            [
                                719.0,
                                26.0
                            ]
                        ]
                    ],
                    [
                        [
                            [
                                918.0,
                                34.0
                            ],
                            [
                                918.0,
                                36.0
                            ],
                            [
                                919.0,
                                38.0
                            ],
                            [
                                921.0,
                                40.0
                            ],
                            [
                                927.0,
                                43.0
                            ],
                            [
                                932.0,
                                45.0
                            ],
                            [
                                935.0,
                                46.0
                            ],
                            [
                                942.0,
                                48.0
                            ],
                            [
                                946.0,
                                49.0
                            ],
                            [
                                953.0,
                                50.0
                            ],
                            [
                                963.0,
                                50.0
                            ],
                            [
                                1023.0,
                                43.0
                            ],
                            [
                                1023.0,
                                17.0
                            ],
                            [
                                978.0,
                                3.0
                            ],
                            [
                                974.0,
                                2.0
                            ],
                            [
                                963.0,
                                2.0
                            ],
                            [
                                960.0,
                                3.0
                            ],
                            [
                                952.0,
                                7.0
                            ],
                            [
                                947.0,
                                10.0
                            ],
                            [
                                929.0,
                                22.0
                            ],
                            [
                                919.0,
                                32.0
                            ],
                            [
                                918.0,
                                34.0
                            ]
                        ]
                    ],
                    [
                        [
                            [
                                749.0,
                                152.0
                            ],
                            [
                                747.0,
                                156.0
                            ],
                            [
                                747.0,
                                162.0
                            ],
                            [
                                748.0,
                                165.0
                            ],
                            [
                                812.0,
                                273.0
                            ],
                            [
                                815.0,
                                278.0
                            ],
                            [
                                818.0,
                                282.0
                            ],
                            [
                                820.0,
                                284.0
                            ],
                            [
                                823.0,
                                286.0
                            ],
                            [
                                825.0,
                                287.0
                            ],
                            [
                                832.0,
                                287.0
                            ],
                            [
                                834.0,
                                286.0
                            ],
                            [
                                839.0,
                                281.0
                            ],
                            [
                                840.0,
                                278.0
                            ],
                            [
                                840.0,
                                275.0
                            ],
                            [
                                838.0,
                                205.0
                            ],
                            [
                                809.0,
                                147.0
                            ],
                            [
                                807.0,
                                144.0
                            ],
                            [
                                804.0,
                                141.0
                            ],
                            [
                                801.0,
                                139.0
                            ],
                            [
                                797.0,
                                137.0
                            ],
                            [
                                794.0,
                                136.0
                            ],
                            [
                                782.0,
                                136.0
                            ],
                            [
                                778.0,
                                137.0
                            ],
                            [
                                766.0,
                                141.0
                            ],
                            [
                                761.0,
                                143.0
                            ],
                            [
                                757.0,
                                145.0
                            ],
                            [
                                754.0,
                                147.0
                            ],
                            [
                                749.0,
                                152.0
                            ]
                        ]
                    ],
                    [
                        [
                            [
                                948.0,
                                232.0
                            ],
                            [
                                946.0,
                                236.0
                            ],
                            [
                                946.0,
                                237.0
                            ],
                            [
                                947.0,
                                240.0
                            ],
                            [
                                949.0,
                                243.0
                            ],
                            [
                                951.0,
                                245.0
                            ],
                            [
                                956.0,
                                249.0
                            ],
                            [
                                965.0,
                                256.0
                            ],
                            [
                                969.0,
                                259.0
                            ],
                            [
                                972.0,
                                261.0
                            ],
                            [
                                980.0,
                                265.0
                            ],
                            [
                                984.0,
                                266.0
                            ],
                            [
                                992.0,
                                266.0
                            ],
                            [
                                996.0,
                                264.0
                            ],
                            [
                                1000.0,
                                260.0
                            ],
                            [
                                1001.0,
                                258.0
                            ],
                            [
                                1002.0,
                                255.0
                            ],
                            [
                                1003.0,
                                251.0
                            ],
                            [
                                1003.0,
                                240.0
                            ],
                            [
                                1002.0,
                                237.0
                            ],
                            [
                                1000.0,
                                233.0
                            ],
                            [
                                993.0,
                                226.0
                            ],
                            [
                                990.0,
                                224.0
                            ],
                            [
                                988.0,
                                223.0
                            ],
                            [
                                985.0,
                                222.0
                            ],
                            [
                                981.0,
                                221.0
                            ],
                            [
                                969.0,
                                221.0
                            ],
                            [
                                965.0,
                                222.0
                            ],
                            [
                                962.0,
                                223.0
                            ],
                            [
                                954.0,
                                227.0
                            ],
                            [
                                950.0,
                                230.0
                            ],
                            [
                                948.0,
                                232.0
                            ]
                        ]
                    ],
                    [
                        [
                            [
                                671.0,
                                281.0
                            ],
                            [
                                667.0,
                                284.0
                            ],
                            [
                                665.0,
                                286.0
                            ],
                            [
                                663.0,
                                289.0
                            ],
                            [
                                661.0,
                                293.0
                            ],
                            [
                                661.0,
                                296.0
                            ],
                            [
                                662.0,
                                299.0
                            ],
                            [
                                663.0,
                                300.0
                            ],
                            [
                                667.0,
                                302.0
                            ],
                            [
                                675.0,
                                302.0
                            ],
                            [
                                704.0,
                                296.0
                            ],
                            [
                                708.0,
                                295.0
                            ],
                            [
                                712.0,
                                293.0
                            ],
                            [
                                716.0,
                                289.0
                            ],
                            [
                                717.0,
                                286.0
                            ],
                            [
                                717.0,
                                280.0
                            ],
                            [
                                716.0,
                                276.0
                            ],
                            [
                                714.0,
                                272.0
                            ],
                            [
                                712.0,
                                269.0
                            ],
                            [
                                711.0,
                                268.0
                            ],
                            [
                                707.0,
                                266.0
                            ],
                            [
                                699.0,
                                266.0
                            ],
                            [
                                696.0,
                                267.0
                            ],
                            [
                                686.0,
                                272.0
                            ],
                            [
                                679.0,
                                276.0
                            ],
                            [
                                674.0,
                                279.0
                            ],
                            [
                                671.0,
                                281.0
                            ]
                        ]
                    ],
                    [
                        [
                            [
                                936.0,
                                339.0
                            ],
                            [
                                935.0,
                                341.0
                            ],
                            [
                                935.0,
                                346.0
                            ],
                            [
                                939.0,
                                350.0
                            ],
                            [
                                986.0,
                                385.0
                            ],
                            [
                                990.0,
                                386.0
                            ],
                            [
                                994.0,
                                385.0
                            ],
                            [
                                998.0,
                                383.0
                            ],
                            [
                                1001.0,
                                381.0
                            ],
                            [
                                1011.0,
                                371.0
                            ],
                            [
                                1013.0,
                                368.0
                            ],
                            [
                                1015.0,
                                364.0
                            ],
                            [
                                1015.0,
                                358.0
                            ],
                            [
                                1014.0,
                                357.0
                            ],
                            [
                                963.0,
                                328.0
                            ],
                            [
                                960.0,
                                327.0
                            ],
                            [
                                951.0,
                                327.0
                            ],
                            [
                                948.0,
                                328.0
                            ],
                            [
                                946.0,
                                329.0
                            ],
                            [
                                943.0,
                                331.0
                            ],
                            [
                                938.0,
                                336.0
                            ],
                            [
                                936.0,
                                339.0
                            ]
                        ]
                    ],
                    [
                        [
                            [
                                743.0,
                                355.0
                            ],
                            [
                                747.0,
                                359.0
                            ],
                            [
                                813.0,
                                405.0
                            ],
                            [
                                817.0,
                                407.0
                            ],
                            [
                                824.0,
                                407.0
                            ],
                            [
                                827.0,
                                406.0
                            ],
                            [
                                829.0,
                                405.0
                            ],
                            [
                                832.0,
                                403.0
                            ],
                            [
                                834.0,
                                401.0
                            ],
                            [
                                835.0,
                                399.0
                            ],
                            [
                                836.0,
                                396.0
                            ],
                            [
                                836.0,
                                394.0
                            ],
                            [
                                833.0,
                                331.0
                            ],
                            [
                                831.0,
                                329.0
                            ],
                            [
                                829.0,
                                328.0
                            ],
                            [
                                828.0,
                                328.0
                            ],
                            [
                                751.0,
                                344.0
                            ],
                            [
                                747.0,
                                345.0
                            ],
                            [
                                744.0,
                                347.0
                            ],
                            [
                                742.0,
                                351.0
                            ],
                            [
                                742.0,
                                352.0
                            ],
                            [
                                743.0,
                                355.0
                            ]
                        ]
                    ],
                    [
                        [
                            [
                                808.0,
                                479.0
                            ],
                            [
                                803.0,
                                489.0
                            ],
                            [
                                803.0,
                                493.0
                            ],
                            [
                                804.0,
                                495.0
                            ],
                            [
                                805.0,
                                496.0
                            ],
                            [
                                808.0,
                                498.0
                            ],
                            [
                                814.0,
                                500.0
                            ],
                            [
                                822.0,
                                501.0
                            ],
                            [
                                826.0,
                                501.0
                            ],
                            [
                                834.0,
                                500.0
                            ],
                            [
                                839.0,
                                499.0
                            ],
                            [
                                846.0,
                                497.0
                            ],
                            [
                                855.0,
                                494.0
                            ],
                            [
                                863.0,
                                491.0
                            ],
                            [
                                869.0,
                                488.0
                            ],
                            [
                                872.0,
                                485.0
                            ],
                            [
                                873.0,
                                483.0
                            ],
                            [
                                873.0,
                                480.0
                            ],
                            [
                                872.0,
                                478.0
                            ],
                            [
                                870.0,
                                475.0
                            ],
                            [
                                866.0,
                                471.0
                            ],
                            [
                                862.0,
                                468.0
                            ],
                            [
                                857.0,
                                465.0
                            ],
                            [
                                847.0,
                                460.0
                            ],
                            [
                                841.0,
                                458.0
                            ],
                            [
                                837.0,
                                457.0
                            ],
                            [
                                831.0,
                                457.0
                            ],
                            [
                                827.0,
                                458.0
                            ],
                            [
                                825.0,
                                459.0
                            ],
                            [
                                821.0,
                                462.0
                            ],
                            [
                                818.0,
                                465.0
                            ],
                            [
                                814.0,
                                470.0
                            ],
                            [
                                808.0,
                                479.0
                            ]
                        ]
                    ],
                    [
                        [
                            [
                                944.0,
                                559.0
                            ],
                            [
                                946.0,
                                560.0
                            ],
                            [
                                949.0,
                                561.0
                            ],
                            [
                                953.0,
                                561.0
                            ],
                            [
                                955.0,
                                560.0
                            ],
                            [
                                958.0,
                                557.0
                            ],
                            [
                                958.0,
                                552.0
                            ],
                            [
                                956.0,
                                549.0
                            ],
                            [
                                955.0,
                                548.0
                            ],
                            [
                                952.0,
                                546.0
                            ],
                            [
                                950.0,
                                545.0
                            ],
                            [
                                947.0,
                                544.0
                            ],
                            [
                                934.0,
                                544.0
                            ],
                            [
                                932.0,
                                546.0
                            ],
                            [
                                932.0,
                                547.0
                            ],
                            [
                                933.0,
                                549.0
                            ],
                            [
                                940.0,
                                556.0
                            ],
                            [
                                944.0,
                                559.0
                            ]
                        ]
                    ],
                    [
                        [
                            [
                                628.0,
                                602.0
                            ],
                            [
                                631.0,
                                608.0
                            ],
                            [
                                634.0,
                                612.0
                            ],
                            [
                                640.0,
                                618.0
                            ],
                            [
                                644.0,
                                621.0
                            ],
                            [
                                647.0,
                                623.0
                            ],
                            [
                                651.0,
                                625.0
                            ],
                            [
                                654.0,
                                626.0
                            ],
                            [
                                658.0,
                                627.0
                            ],
                            [
                                663.0,
                                627.0
                            ],
                            [
                                668.0,
                                626.0
                            ],
                            [
                                671.0,
                                625.0
                            ],
                            [
                                685.0,
                                618.0
                            ],
                            [
                                689.0,
                                615.0
                            ],
                            [
                                691.0,
                                613.0
                            ],
                            [
                                693.0,
                                610.0
                            ],
                            [
                                694.0,
                                608.0
                            ],
                            [
                                694.0,
                                600.0
                            ],
                            [
                                693.0,
                                598.0
                            ],
                            [
                                686.0,
                                591.0
                            ],
                            [
                                678.0,
                                585.0
                            ],
                            [
                                675.0,
                                583.0
                            ],
                            [
                                665.0,
                                578.0
                            ],
                            [
                                662.0,
                                577.0
                            ],
                            [
                                651.0,
                                577.0
                            ],
                            [
                                645.0,
                                579.0
                            ],
                            [
                                643.0,
                                580.0
                            ],
                            [
                                637.0,
                                584.0
                            ],
                            [
                                630.0,
                                591.0
                            ],
                            [
                                628.0,
                                595.0
                            ],
                            [
                                628.0,
                                602.0
                            ]
                        ]
                    ],
                    [
                        [
                            [
                                768.0,
                                664.0
                            ],
                            [
                                770.0,
                                668.0
                            ],
                            [
                                777.0,
                                675.0
                            ],
                            [
                                783.0,
                                679.0
                            ],
                            [
                                791.0,
                                683.0
                            ],
                            [
                                796.0,
                                685.0
                            ],
                            [
                                800.0,
                                686.0
                            ],
                            [
                                887.0,
                                695.0
                            ],
                            [
                                888.0,
                                695.0
                            ],
                            [
                                890.0,
                                694.0
                            ],
                            [
                                891.0,
                                693.0
                            ],
                            [
                                891.0,
                                683.0
                            ],
                            [
                                890.0,
                                678.0
                            ],
                            [
                                888.0,
                                670.0
                            ],
                            [
                                886.0,
                                665.0
                            ],
                            [
                                885.0,
                                663.0
                            ],
                            [
                                880.0,
                                658.0
                            ],
                            [
                                878.0,
                                657.0
                            ],
                            [
                                875.0,
                                656.0
                            ],
                            [
                                796.0,
                                642.0
                            ],
                            [
                                792.0,
                                642.0
                            ],
                            [
                                787.0,
                                643.0
                            ],
                            [
                                784.0,
                                644.0
                            ],
                            [
                                778.0,
                                647.0
                            ],
                            [
                                770.0,
                                655.0
                            ],
                            [
                                768.0,
                                659.0
                            ],
                            [
                                768.0,
                                664.0
                            ]
                        ]
                    ],
                    [
                        [
                            [
                                1011.0,
                                680.0
                            ],
                            [
                                1014.0,
                                682.0
                            ],
                            [
                                1020.0,
                                684.0
                            ],
                            [
                                1023.0,
                                684.0
                            ],
                            [
                                1023.0,
                                667.0
                            ],
                            [
                                1019.0,
                                666.0
                            ],
                            [
                                1010.0,
                                666.0
                            ],
                            [
                                1008.0,
                                668.0
                            ],
                            [
                                1007.0,
                                670.0
                            ],
                            [
                                1007.0,
                                674.0
                            ],
                            [
                                1009.0,
                                678.0
                            ],
                            [
                                1011.0,
                                680.0
                            ]
                        ]
                    ],
                    [
                        [
                            [
                                892.0,
                                737.0
                            ],
                            [
                                894.0,
                                743.0
                            ],
                            [
                                896.0,
                                746.0
                            ],
                            [
                                899.0,
                                749.0
                            ],
                            [
                                903.0,
                                752.0
                            ],
                            [
                                909.0,
                                755.0
                            ],
                            [
                                912.0,
                                756.0
                            ],
                            [
                                916.0,
                                757.0
                            ],
                            [
                                997.0,
                                763.0
                            ],
                            [
                                1003.0,
                                762.0
                            ],
                            [
                                1009.0,
                                759.0
                            ],
                            [
                                1011.0,
                                757.0
                            ],
                            [
                                1012.0,
                                755.0
                            ],
                            [
                                1012.0,
                                750.0
                            ],
                            [
                                1009.0,
                                747.0
                            ],
                            [
                                1006.0,
                                745.0
                            ],
                            [
                                946.0,
                                721.0
                            ],
                            [
                                938.0,
                                718.0
                            ],
                            [
                                911.0,
                                709.0
                            ],
                            [
                                906.0,
                                708.0
                            ],
                            [
                                903.0,
                                708.0
                            ],
                            [
                                901.0,
                                709.0
                            ],
                            [
                                897.0,
                                713.0
                            ],
                            [
                                896.0,
                                715.0
                            ],
                            [
                                894.0,
                                720.0
                            ],
                            [
                                892.0,
                                728.0
                            ],
                            [
                                892.0,
                                737.0
                            ]
                        ]
                    ],
                    [
                        [
                            [
                                798.0,
                                765.0
                            ],
                            [
                                798.0,
                                767.0
                            ],
                            [
                                828.0,
                                767.0
                            ],
                            [
                                831.0,
                                765.0
                            ],
                            [
                                833.0,
                                763.0
                            ],
                            [
                                836.0,
                                759.0
                            ],
                            [
                                837.0,
                                757.0
                            ],
                            [
                                837.0,
                                753.0
                            ],
                            [
                                836.0,
                                751.0
                            ],
                            [
                                833.0,
                                748.0
                            ],
                            [
                                825.0,
                                744.0
                            ],
                            [
                                822.0,
                                743.0
                            ],
                            [
                                818.0,
                                742.0
                            ],
                            [
                                809.0,
                                742.0
                            ],
                            [
                                805.0,
                                744.0
                            ],
                            [
                                804.0,
                                745.0
                            ],
                            [
                                802.0,
                                748.0
                            ],
                            [
                                800.0,
                                754.0
                            ],
                            [
                                799.0,
                                759.0
                            ],
                            [
                                798.0,
                                765.0
                            ]
                        ]
                    ]
                ]
            },
            "properties": {
                "terrain": "river"
            }
        }
    ]
}