{
  "type": "FeatureCollection",
  "features": [
    {
      "type": "Feature",
      "geometry": {
        "type": "Polygon",
        "coordinates": [
          [
            [
              966.5558001643101,
              370.5202767181032
            ],
            [
              939.0,
              350.0
            ],
            [
              935.0,
              346.0
            ],
            [
              935.0,
              341.0
            ],
            [
              936.0,
              339.0
            ],
            [
              938.0,
              336.0
            ],
            [
              943.0,
              331.0
            ],
            [
              946.0,
              329.0
            ],
            [
              948.0,
              328.0
            ],
            [
              951.0,
              327.0
            ],
            [
              960.0,
              327.0
            ],
            [
              963.0,
              328.0
            ],
            [
              992.4823889718656,
              344.7644956898843
            ],
            [
              1011.1490344830635,
              326.2208284960847
            ],
            [
              954.5495510345824,
              306.13191768403254
            ],
            [
              953.0921011308859,
              306.6398935464359
            ],
            [
              891.0,
              372.0
            ],
            [
              889.0,
              374.0
            ],
            [
              887.0,
              375.0
            ],
            [
              884.0,
              376.0
            ],
            [
              882.0,
              376.0
            ],
            [
              878.0,
              375.0
            ],
            [
              877.3153779531818,
              374.6576889765909
            ],
            [
              879.4409872639044,
              397.60383857195694
            ],
            [
              929.2697166681386,
              407.5607145888739
            ],
            [
              966.5558001643101,
              370.5202767181032
            ]
          ]
        ]
      },
      "properties": {
        "province_id": 0,
        "city_name": "City 0",
        "city_location": [
          934,
          361
        ],
        "area": 4941.675317299233,
        "is_coastal": true,
        "is_mountainous": true,
        "has_city": true
      }
    },
    {
      "type": "Feature",
      "geometry": {
        "type": "Polygon",
        "coordinates": [
          [
            [
              992.4823889718656,
              344.7644956898843
            ],
            [
              1014.0,
              357.0
            ],
            [
              1015.0,
              358.0
            ],
            [
              1015.0,
              364.0
            ],
            [
              1013.0,
              368.0
            ],
            [
              1011.0,
              371.0
            ],
            [
              1001.0,
              381.0
            ],
            [
              998.0,
              383.0
            ],
            [
              994.0,
              385.0
            ],
            [
              990.0,
              386.0
            ],
            [
              986.0,
              385.0
            ],
            [
              966.5558001643101,
              370.5202767181032
            ],
            [
              929.2697166681386,
              407.5607145888739
            ],
            [
              958.7638747417811,
              444.32411587856564
            ],
            [
              973.1611000522588,
              443.12932061690873
            ],
            [
              1024.0,
              397.48339341289244
            ],
            [
              1024.0,
              324.90234833254
            ],
            [
              1011.1490344830635,
              326.2208284960847
            ],
            [
              992.4823889718656,
              344.7644956898843
            ]
          ]
        ]
      },
      "properties": {
        "province_id": 1,
        "city_name": "City 1",
        "city_location": [
          982,
          395
        ],
        "area": 4932.46365576054,
        "is_coastal": true,
        "is_mountainous": false,
        "has_city": true
      }
    },
    {
      "type": "Feature",
      "geometry": {
        "type": "Polygon",
        "coordinates": [
          [
            [
              929.2697166681386,
              407.5607145888739
            ],
            [
              879.4409872639044,
              397.60383857195694
            ],
            [
              862.5849750117476,
              414.4889042487919
            ],
            [
              849.5828009420613,
              443.85740346978116
            ],
            [
              857.3406738414056,
              465.2044043048434
            ],
            [
              862.0,
              468.0
            ],
            [
              866.0,
              471.0
            ],
            [
              870.0,
              475.0
            ],
            [
              872.0,
              478.0
            ],
            [
              873.0,
              480.0
            ],
            [
              873.0,
              483.0
            ],
            [
              872.0,
              485.0
            ],
            [
              870.7181809969978,
              486.28181900300217
            ],
            [
              914.8733598267262,
              508.203174667035
            ],
            [
              943.4571848242083,
              499.1422478948326
            ],
            [
              958.7638747417811,
              444.32411587856564
            ],
            [
              929.2697166681386,
              407.5607145888739
            ]
          ],
          [
            [
              883.0,
              448.0
            ],
            [
              877.0,
              444.0
            ],
            [
              872.0,
              440.0
            ],
            [
              871.0,
              439.0
            ],
            [
              868.0,
              435.0
            ],
            [
              867.0,
              433.0
            ],
            [
              867.0,
              426.0
            ],
            [
              868.0,
              424.0
            ],
            [
              870.0,
              421.0
            ],
            [
              871.0,
              420.0
            ],
            [
              875.0,
              417.0
            ],
            [
              881.0,
              414.0
            ],
            [
              891.0,
              414.0
            ],
            [
              894.0,
              415.0
            ],
            [
              898.0,
              417.0
            ],
            [
              906.0,
              425.0
            ],
            [
              908.0,
              429.0
            ],
            [
              909.0,
              432.0
            ],
            [
              909.0,
              439.0
            ],
            [
              908.0,
              442.0
            ],
            [
              907.0,
              444.0
            ],
            [
              901.0,
              450.0
            ],
            [
              899.0,
              451.0
            ],
            [
              890.0,
              451.0
            ],
            [
              887.0,
              450.0
            ],
            [
              883.0,
              448.0
            ]
          ]
        ]
      },
      "properties": {
        "province_id": 2,
        "city_name": "City 2",
        "city_location": [
          907,
          454
        ],
        "area": 7135.655712825919,
        "is_coastal": true,
        "is_mountainous": true,
        "has_city": true
      }
    },
    {
      "type": "Feature",
      "geometry": {
        "type": "Polygon",
        "coordinates": [
          [
            [
              958.7638747417811,
              444.32411587856564
            ],
            [
              943.4571848242083,
              499.1422478948326
            ],
            [
              994.1536729351515,
              535.3939096490537
            ],
            [
              1024.0,
              532.5481220232493
            ],
            [
              1024.0,
              471.1408452841842
            ],
            [
              973.1611000522588,
              443.12932061690873
            ],
            [
              958.7638747417811,
              444.32411587856564
            ]
          ]
        ]
      },
      "properties": {
        "province_id": 3,
        "city_name": "City 3",
        "city_location": [
          986,
          490
        ],
        "area": 5311.396764841017,
        "is_coastal": false,
        "is_mountainous": false,
        "has_city": true
      }
    },
    {
      "type": "Feature",
      "geometry": {
        "type": "Polygon",
        "coordinates": [
          [
            [
              973.1611000522588,
              443.12932061690873
            ],
            [
              1024.0,
              471.1408452841842
            ],
            [
              1024.0,
              397.48339341289244
            ],
            [
              973.1611000522588,
              443.12932061690873
            ]
          ]
        ]
      },
      "properties": {
        "province_id": 4,
        "city_name": "City 4",
        "city_location": [
          1006,
          437
        ],
        "area": 1872.3319130450818,
        "is_coastal": false,
        "is_mountainous": false,
        "has_city": true
      }
    },
    {
      "type": "Feature",
      "geometry": {
        "type": "Polygon",
        "coordinates": [
          [
            [
              1115.2674546403045,
              315.53851272331144
            ],
            [
              1024.0,
              324.90234833254
            ],
            [
              1024.0,
              397.48339341289244
            ],
            [
              1115.2674546403045,
              315.53851272331144
            ]
          ]
        ]
      },
      "properties": {
        "province_id": 5,
        "city_name": null,
        "city_location": null,
        "area": 3312.1436198084834,
        "is_coastal": false,
        "is_mountainous": false,
        "has_city": false
      }
    },
    {
      "type": "Feature",
      "geometry": {
        "type": "Polygon",
        "coordinates": [
          [
            [
              1115.2674546403045,
              315.53851272331144
            ],
            [
              1472.0065704373096,
              225.2143081696372
            ],
            [
              1024.0,
              167.31189022605508
            ],
            [
              1024.0,
              324.90234833254
            ],
            [
              1115.2674546403045,
              315.53851272331144
            ]
          ]
        ]
      },
      "properties": {
        "province_id": 6,
        "city_name": null,
        "city_location": null,
        "area": 37752.387238125084,
        "is_coastal": false,
        "is_mountainous": false,
        "has_city": false
      }
    },
    {
      "type": "Feature",
      "geometry": {
        "type": "Polygon",
        "coordinates": [
          [
            [
              1024.0,
              324.90234833254
            ],
            [
              1024.0,
              167.31189022605508
            ],
            [
              977.0703448385033,
              161.2464869788288
            ],
            [
              931.7086898999969,
              199.51131969022046
            ],
            [
              921.8524262753572,
              228.9759999965675
            ],
            [
              939.3391794795779,
              270.2397655655937
            ],
            [
              942.0,
              271.0
            ],
            [
              945.0,
              272.0
            ],
            [
              953.0,
              276.0
            ],
            [
              956.0,
              278.0
            ],
            [
              960.0,
              281.0
            ],
            [
              964.0,
              285.0
            ],
            [
              966.0,
              288.0
            ],
            [
              967.0,
              291.0
            ],
            [
              967.0,
              292.0
            ],
            [
              954.2488249197329,
              305.42228955817586
            ],
            [
              954.5495510345824,
              306.13191768403254
            ],
            [
              1011.1490344830635,
              326.2208284960847
            ],
            [
              1024.0,
              324.90234833254
            ]
          ],
          [
            [
              951.0,
              245.0
            ],
            [
              949.0,
              243.0
            ],
            [
              947.0,
              240.0
            ],
            [
              946.0,
              237.0
            ],
            [
              946.0,
              236.0
            ],
            [
              948.0,
              232.0
            ],
            [
              950.0,
              230.0
            ],
            [
              954.0,
              227.0
            ],
            [
              962.0,
              223.0
            ],
            [
              965.0,
              222.0
            ],
            [
              969.0,
              221.0
            ],
            [
              981.0,
              221.0
            ],
            [
              985.0,
              222.0
            ],
            [
              988.0,
              223.0
            ],
            [
              990.0,
              224.0
            ],
            [
              993.0,
              226.0
            ],
            [
              1000.0,
              233.0
            ],
            [
              1002.0,
              237.0
            ],
            [
              1003.0,
              240.0
            ],
            [
              1003.0,
              251.0
            ],
            [
              1002.0,
              255.0
            ],
            [
              1001.0,
              258.0
            ],
            [
              1000.0,
              260.0
            ],
            [
              996.0,
              264.0
            ],
            [
              992.0,
              266.0
            ],
            [
              984.0,
              266.0
            ],
            [
              980.0,
              265.0
            ],
            [
              972.0,
              261.0
            ],
            [
              969.0,
              259.0
            ],
            [
              965.0,
              256.0
            ],
            [
              956.0,
              249.0
            ],
            [
              951.0,
              245.0
            ]
          ]
        ]
      },
      "properties": {
        "province_id": 7,
        "city_name": "City 7",
        "city_location": [
          939,
          244
        ],
        "area": 10536.146344209088,
        "is_coastal": true,
        "is_mountainous": true,
        "has_city": true
      }
    },
    {
      "type": "Feature",
      "geometry": {
        "type": "Polygon",
        "coordinates": [
          [
            [
              877.3153779531818,
              374.6576889765909
            ],
            [
              876.0,
              374.0
            ],
            [
              872.0,
              370.0
            ],
            [
              871.0,
              368.0
            ],
            [
              868.9576124704396,
              329.1946369383529
            ],
            [
              834.3714025214355,
              290.617873791067
            ],
            [
              819.650810145128,
              285.3556553332558
            ],
            [
              764.5540374267515,
              328.14149940430656
            ],
            [
              766.7348345518154,
              340.73042398923315
            ],
            [
              828.0,
              328.0
            ],
            [
              829.0,
              328.0
            ],
            [
              831.0,
              329.0
            ],
            [
              833.0,
              331.0
            ],
            [
              836.0,
              394.0
            ],
            [
              836.0,
              396.0
            ],
            [
              835.0,
              399.0
            ],
            [
              834.4415481534608,
              400.1169036930785
            ],
            [
              862.5849750117476,
              414.4889042487919
            ],
            [
              879.4409872639044,
              397.60383857195694
            ],
            [
              877.3153779531818,
              374.6576889765909
            ]
          ]
        ]
      },
      "properties": {
        "province_id": 8,
        "city_name": "City 8",
        "city_location": [
          835,
          343
        ],
        "area": 5892.571855618255,
        "is_coastal": true,
        "is_mountainous": true,
        "has_city": true
      }
    },
    {
      "type": "Feature",
      "geometry": {
        "type": "Polygon",
        "coordinates": [
          [
            [
              921.8524262753572,
              228.9759999965675
            ],
            [
              834.3714025214355,
              290.617873791067
            ],
            [
              868.9576124704396,
              329.1946369383529
            ],
            [
              868.0,
              311.0
            ],
            [
              868.0,
              306.0
            ],
            [
              869.0,
              302.0
            ],
            [
              874.0,
              292.0
            ],
            [
              877.0,
              287.0
            ],
            [
              882.0,
              279.0
            ],
            [
              892.0,
              264.0
            ],
            [
              896.0,
              260.0
            ],
            [
              903.0,
              260.0
            ],
            [
              907.0,
              261.0
            ],
            [
              939.3391794795779,
              270.2397655655937
            ],
            [
              921.8524262753572,
              228.9759999965675
            ]
          ]
        ]
      },
      "properties": {
        "province_id": 9,
        "city_name": "City 9",
        "city_location": [
          883,
          273
        ],
        "area": 2607.2492396655593,
        "is_coastal": false,
        "is_mountainous": true,
        "has_city": true
      }
    },
    {
      "type": "Feature",
      "geometry": {
        "type": "Polygon",
        "coordinates": [
          [
            [
              708.7846372715144,
              -3780.2128013780416
            ],
            [
              627.600842111632,
              -332.63178139404124
            ],
            [
              716.8564438779553,
              0.0
            ],
            [
              833.6515758415757,
              0.0
            ],
            [
              858.7271462459795,
              -83.4851402643243
            ],
            [
              708.7846372715144,
              -3780.2128013780416
            ]
          ]
        ]
      },
      "properties": {
        "province_id": 10,
        "city_name": null,
        "city_location": null,
        "area": 440723.1040470923,
        "is_coastal": false,
        "is_mountainous": false,
        "has_city": false
      }
    },
    {
      "type": "Feature",
      "geometry": {
        "type": "Polygon",
        "coordinates": [
          [
            [
              833.6515758415757,
              0.0
            ],
            [
              875.0,
              0.0
            ],
            [
              903.1298247656077,
              0.0
            ],
            [
              858.7271462459795,
              -83.4851402643243
            ],
            [
              833.6515758415757,
              0.0
            ]
          ]
        ]
      },
      "properties": {
        "province_id": 11,
        "city_name": null,
        "city_location": null,
        "area": 2900.200678371228,
        "is_coastal": false,
        "is_mountainous": true,
        "has_city": false
      }
    },
    {
      "type": "Feature",
      "geometry": {
        "type": "Polygon",
        "coordinates": [
          [
            [
              832.2546254482271,
              4.650925089645412
            ],
            [
              834.0,
              5.0
            ],
            [
              840.0,
              7.0
            ],
            [
              845.0,
              9.0
            ],
            [
              863.0,
              18.0
            ],
            [
              868.0,
              21.0
            ],
            [
              874.0,
              25.0
            ],
            [
              878.0,
              28.0
            ],
            [
              884.0,
              33.0
            ],
            [
              886.0,
              36.0
            ],
            [
              886.0,
              39.0
            ],
            [
              885.0,
              41.0
            ],
            [
              882.0,
              43.0
            ],
            [
              878.0,
              45.0
            ],
            [
              875.0,
              46.0
            ],
            [
              870.0,
              47.0
            ],
            [
              845.9639744907726,
              47.312156175444514
            ],
            [
              901.557062626847,
              87.99362416855806
            ],
            [
              926.5624364275953,
              91.94018858582767
            ],
            [
              928.2729335465004,
              84.6487510492816
            ],
            [
              919.1666251595394,
              38.16662515953942
            ],
            [
              919.0,
              38.0
            ],
            [
              918.0,
              36.0
            ],
            [
              918.0,
              34.0
            ],
            [
              918.251715104284,
              33.49656979143186
            ],
            [
              916.6808919102928,
              25.47847965534788
            ],
            [
              906.8837753636165,
              7.058112318191788
            ],
            [
              905.0,
              8.0
            ],
            [
              902.0,
              9.0
            ],
            [
              891.0,
              9.0
            ],
            [
              885.0,
              7.0
            ],
            [
              883.0,
              6.0
            ],
            [
              880.0,
              4.0
            ],
            [
              876.0,
              1.0
            ],
            [
              875.0,
              0.0
            ],
            [
              833.6515758415757,
              0.0
            ],
            [
              832.2546254482271,
              4.650925089645412
            ]
          ]
        ]
      },
      "properties": {
        "province_id": 12,
        "city_name": "City 12",
        "city_location": [
          891,
          43
        ],
        "area": 4210.012473504562,
        "is_coastal": true,
        "is_mountainous": true,
        "has_city": true
      }
    },
    {
      "type": "Feature",
      "geometry": {
        "type": "Polygon",
        "coordinates": [
          [
            [
              833.6515758415757,
              0.0
            ],
            [
              716.8564438779553,
              0.0
            ],
            [
              720.8619675449032,
              14.927516552306727
            ],
            [
              725.8990397672285,
              21.550480116385746
            ],
            [
              733.0,
              18.0
            ],
            [
              739.0,
              16.0
            ],
            [
              743.0,
              15.0
            ],
            [
              821.0,
              4.0
            ],
            [
              829.0,
              4.0
            ],
            [
              832.2546254482271,
              4.650925089645412
            ],
            [
              833.6515758415757,
              0.0
            ]
          ]
        ]
      },
      "properties": {
        "province_id": 13,
        "city_name": "City 13",
        "city_location": [
          761,
          6
        ],
        "area": 1216.516921829662,
        "is_coastal": true,
        "is_mountainous": false,
        "has_city": true
      }
    },
    {
      "type": "Feature",
      "geometry": {
        "type": "Polygon",
        "coordinates": [
          [
            [
              745.8714963474882,
              80.58978623607311
            ],
            [
              750.0,
              80.0
            ],
            [
              769.0,
              80.0
            ],
            [
              783.0,
              81.0
            ],
            [
              793.0,
              82.0
            ],
            [
              798.0,
              83.0
            ],
            [
              801.928553175239,
              83.98213829380974
            ],
            [
              820.268094051742,
              47.64586890841893
            ],
            [
              793.0,
              48.0
            ],
            [
              737.0614357408211,
              48.0
            ],
            [
              745.8714963474882,
              80.58978623607311
            ]
          ]
        ]
      },
      "properties": {
        "province_id": 14,
        "city_name": "City 14",
        "city_location": [
          777,
          63
        ],
        "area": 2318.3460197068025,
        "is_coastal": true,
        "is_mountainous": true,
        "has_city": true
      }
    },
    {
      "type": "Feature",
      "geometry": {
        "type": "Polygon",
        "coordinates": [
          [
            [
              720.8619675449032,
              14.927516552306727
            ],
            [
              671.998999423778,
              64.90682198332297
            ],
            [
              666.7596249095023,
              102.8156086530468
            ],
            [
              712.2922884091286,
              139.2359038636238
            ],
            [
              716.0,
              138.0
            ],
            [
              717.0,
              138.0
            ],
            [
              718.0,
              139.0
            ],
            [
              720.3592548800557,
              142.79782492887014
            ],
            [
              734.135837180159,
              137.44624268485234
            ],
            [
              743.0579406425143,
              124.84437363368946
            ],
            [
              722.0,
              134.0
            ],
            [
              719.0,
              134.0
            ],
            [
              718.0,
              127.0
            ],
            [
              717.0,
              114.0
            ],
            [
              717.0,
              104.0
            ],
            [
              718.0,
              99.0
            ],
            [
              719.0,
              96.0
            ],
            [
              720.0,
              94.0
            ],
            [
              727.0,
              87.0
            ],
            [
              733.0,
              84.0
            ],
            [
              739.0,
              82.0
            ],
            [
              743.0,
              81.0
            ],
            [
              745.8714963474882,
              80.58978623607311
            ],
            [
              737.0614357408211,
              48.0
            ],
            [
              735.0,
              48.0
            ],
            [
              728.0,
              47.0
            ],
            [
              724.0,
              46.0
            ],
            [
              721.0,
              45.0
            ],
            [
              717.0,
              43.0
            ],
            [
              713.0,
              39.0
            ],
            [
              712.0,
              37.0
            ],
            [
              712.0,
              35.0
            ],
            [
              714.0,
              31.0
            ],
            [
              719.0,
              26.0
            ],
            [
              725.0,
              22.0
            ],
            [
              725.8990397672285,
              21.550480116385746
            ],
            [
              720.8619675449032,
              14.927516552306727
            ]
          ]
        ]
      },
      "properties": {
        "province_id": 15,
        "city_name": "City 15",
        "city_location": [
          704,
          81
        ],
        "area": 5044.09227043217,
        "is_coastal": true,
        "is_mountainous": true,
        "has_city": true
      }
    },
    {
      "type": "Feature",
      "geometry": {
        "type": "Polygon",
        "coordinates": [
          [
            [
              716.8564438779553,
              0.0
            ],
            [
              624.9547523383645,
              0.0
            ],
            [
              627.4063319709229,
              7.771977140369117
            ],
            [
              671.998999423778,
              64.90682198332297
            ],
            [
              720.8619675449032,
              14.927516552306727
            ],
            [
              716.8564438779553,
              0.0
            ]
          ]
        ]
      },
      "properties": {
        "province_id": 16,
        "city_name": "City 16",
        "city_location": [
          674,
          22
        ],
        "area": 3550.5726795281334,
        "is_coastal": false,
        "is_mountainous": false,
        "has_city": true
      }
    },
    {
      "type": "Feature",
      "geometry": {
        "type": "Polygon",
        "coordinates": [
          [
            [
              627.600842111632,
              -332.63178139404124
            ],
            [
              608.0899771394859,
              -217.55166726183705
            ],
            [
              608.6277732012143,
              -51.75965199743344
            ],
            [
              624.9547523383645,
              0.0
            ],
            [
              716.8564438779553,
              0.0
            ],
            [
              627.600842111632,
              -332.63178139404124
            ]
          ]
        ]
      },
      "properties": {
        "province_id": 17,
        "city_name": null,
        "city_location": null,
        "area": 19716.945733189503,
        "is_coastal": false,
        "is_mountainous": false,
        "has_city": false
      }
    },
    {
      "type": "Feature",
      "geometry": {
        "type": "Polygon",
        "coordinates": [
          [
            [
              35.14735039427713,
              733.4420511828314
            ],
            [
              36.0,
              736.0
            ],
            [
              38.0,
              744.0
            ],
            [
              39.0,
              750.0
            ],
            [
              39.0,
              756.0
            ],
            [
              38.0,
              758.0
            ],
            [
              29.0,
              758.0
            ],
            [
              1.0,
              751.0
            ],
            [
              0.0,
              750.0
            ],
            [
              0.0,
              768.0
            ],
            [
              109.66917549985229,
              768.0
            ],
            [
              106.5974100357696,
              755.7194820071539
            ],
            [
              103.0,
              755.0
            ],
            [
              99.0,
              754.0
            ],
            [
              84.0,
              749.0
            ],
            [
              79.0,
              747.0
            ],
            [
              75.0,
              745.0
            ],
            [
              71.0,
              742.0
            ],
            [
              69.0,
              740.0
            ],
            [
              67.0,
              736.0
            ],
            [
              66.15366255137154,
              733.4609876541147
            ],
            [
              47.48871857175507,
              736.9560252422643
            ],
            [
              35.14735039427713,
              733.4420511828314
            ]
          ]
        ]
      },
      "properties": {
        "province_id": 18,
        "city_name": "City 18",
        "city_location": [
          55,
          755
        ],
        "area": 2201.97569080422,
        "is_coastal": true,
        "is_mountainous": true,
        "has_city": true
      }
    },
    {
      "type": "Feature",
      "geometry": {
        "type": "Polygon",
        "coordinates": [
          [
            [
              24.358731201622565,
              671.5869486218617
            ],
            [
              0.0,
              677.0
            ],
            [
              0.0,
              725.0
            ],
            [
              5.0,
              723.0
            ],
            [
              8.0,
              722.0
            ],
            [
              12.0,
              721.0
            ],
            [
              17.0,
              720.0
            ],
            [
              23.0,
              720.0
            ],
            [
              23.13595939086931,
              720.0453197969564
            ],
            [
              24.358731201622565,
              671.5869486218617
            ]
          ]
        ]
      },
      "properties": {
        "province_id": 19,
        "city_name": "City 19",
        "city_location": [
          11,
          697
        ],
        "area": 1119.7847048823123,
        "is_coastal": true,
        "is_mountainous": true,
        "has_city": true
      }
    },
    {
      "type": "Feature",
      "geometry": {
        "type": "Polygon",
        "coordinates": [
          [
            [
              25.309535076963787,
              633.9066498933355
            ],
            [
              19.9736619287593,
              622.4136541359276
            ],
            [
              6.822881406878913,
              612.9807087317536
            ],
            [
              0.0,
              612.1844127705201
            ],
            [
              0.0,
              660.0
            ],
            [
              24.97792125134135,
              647.0484852770822
            ],
            [
              25.309535076963787,
              633.9066498933355
            ]
          ]
        ]
      },
      "properties": {
        "province_id": 20,
        "city_name": "City 20",
        "city_location": [
          10,
          635
        ],
        "area": 881.5071710255703,
        "is_coastal": false,
        "is_mountainous": true,
        "has_city": true
      }
    },
    {
      "type": "Feature",
      "geometry": {
        "type": "Polygon",
        "coordinates": [
          [
            [
              47.48871857175507,
              736.9560252422643
            ],
            [
              66.15366255137154,
              733.4609876541147
            ],
            [
              66.0,
              733.0
            ],
            [
              66.0,
              731.0
            ],
            [
              67.0,
              728.0
            ],
            [
              72.0,
              723.0
            ],
            [
              76.0,
              721.0
            ],
            [
              80.0,
              720.0
            ],
            [
              87.0,
              719.0
            ],
            [
              91.02348633771634,
              719.0
            ],
            [
              85.84708099105184,
              707.3463328727039
            ],
            [
              79.64066071655296,
              698.9931543654089
            ],
            [
              50.94818759138654,
              664.6207249634454
            ],
            [
              50.0,
              665.0
            ],
            [
              47.0,
              666.0
            ],
            [
              40.0,
              668.0
            ],
            [
              36.0,
              669.0
            ],
            [
              24.358731201622565,
              671.5869486218617
            ],
            [
              23.13595939086931,
              720.0453197969564
            ],
            [
              26.0,
              721.0
            ],
            [
              28.0,
              722.0
            ],
            [
              31.0,
              725.0
            ],
            [
              33.0,
              728.0
            ],
            [
              34.0,
              730.0
            ],
            [
              35.14735039427713,
              733.4420511828314
            ],
            [
              47.48871857175507,
              736.9560252422643
            ]
          ]
        ]
      },
      "properties": {
        "province_id": 21,
        "city_name": "City 21",
        "city_location": [
          50,
          702
        ],
        "area": 3196.0273369715396,
        "is_coastal": true,
        "is_mountainous": true,
        "has_city": true
      }
    },
    {
      "type": "Feature",
      "geometry": {
        "type": "Polygon",
        "coordinates": [
          [
            [
              862.5849750117476,
              414.4889042487919
            ],
            [
              834.4415481534608,
              400.1169036930785
            ],
            [
              834.0,
              401.0
            ],
            [
              832.0,
              403.0
            ],
            [
              829.0,
              405.0
            ],
            [
              827.0,
              406.0
            ],
            [
              824.0,
              407.0
            ],
            [
              817.0,
              407.0
            ],
            [
              813.0,
              405.0
            ],
            [
              768.9035164535176,
              374.26608722517886
            ],
            [
              736.7596996720112,
              454.00744225055774
            ],
            [
              752.6011674925404,
              460.9223563891524
            ],
            [
              849.5828009420613,
              443.85740346978116
            ],
            [
              862.5849750117476,
              414.4889042487919
            ]
          ]
        ]
      },
      "properties": {
        "province_id": 22,
        "city_name": "City 22",
        "city_location": [
          794,
          424
        ],
        "area": 6047.96032881609,
        "is_coastal": true,
        "is_mountainous": false,
        "has_city": true
      }
    },
    {
      "type": "Feature",
      "geometry": {
        "type": "Polygon",
        "coordinates": [
          [
            [
              849.5828009420613,
              443.85740346978116
            ],
            [
              752.6011674925404,
              460.9223563891524
            ],
            [
              765.5436650257077,
              488.6451346775498
            ],
            [
              830.7787342465296,
              536.1450445106051
            ],
            [
              857.3823448168954,
              493.1066206936642
            ],
            [
              855.0,
              494.0
            ],
            [
              846.0,
              497.0
            ],
            [
              839.0,
              499.0
            ],
            [
              834.0,
              500.0
            ],
            [
              826.0,
              501.0
            ],
            [
              822.0,
              501.0
            ],
            [
              814.0,
              500.0
            ],
            [
              808.0,
              498.0
            ],
            [
              805.0,
              496.0
            ],
            [
              804.0,
              495.0
            ],
            [
              803.0,
              493.0
            ],
            [
              803.0,
              489.0
            ],
            [
              808.0,
              479.0
            ],
            [
              814.0,
              470.0
            ],
            [
              818.0,
              465.0
            ],
            [
              821.0,
              462.0
            ],
            [
              825.0,
              459.0
            ],
            [
              827.0,
              458.0
            ],
            [
              831.0,
              457.0
            ],
            [
              837.0,
              457.0
            ],
            [
              841.0,
              458.0
            ],
            [
              847.0,
              460.0
            ],
            [
              857.0,
              465.0
            ],
            [
              857.3406738414056,
              465.2044043048434
            ],
            [
              849.5828009420613,
              443.85740346978116
            ]
          ]
        ]
      },
      "properties": {
        "province_id": 23,
        "city_name": "City 23",
        "city_location": [
          805,
          484
        ],
        "area": 3982.853323742616,
        "is_coastal": true,
        "is_mountainous": false,
        "has_city": true
      }
    },
    {
      "type": "Feature",
      "geometry": {
        "type": "Polygon",
        "coordinates": [
          [
            [
              870.7181809969978,
              486.28181900300217
            ],
            [
              869.0,
              488.0
            ],
            [
              863.0,
              491.0
            ],
            [
              857.3823448168954,
              493.1066206936642
            ],
            [
              830.7787342465296,
              536.1450445106051
            ],
            [
              830.6726399415995,
              537.5473260556712
            ],
            [
              830.9330499407981,
              541.9511214378217
            ],
            [
              871.1155365411263,
              584.8076271966602
            ],
            [
              887.0,
              578.0
            ],
            [
              893.0,
              576.0
            ],
            [
              901.6844272122675,
              576.0
            ],
            [
              914.8733598267262,
              508.203174667035
            ],
            [
              870.7181809969978,
              486.28181900300217
            ]
          ]
        ]
      },
      "properties": {
        "province_id": 24,
        "city_name": "City 24",
        "city_location": [
          875,
          534
        ],
        "area": 5385.924250908879,
        "is_coastal": true,
        "is_mountainous": true,
        "has_city": true
      }
    },
    {
      "type": "Feature",
      "geometry": {
        "type": "Polygon",
        "coordinates": [
          [
            [
              914.8733598267262,
              508.203174667035
            ],
            [
              901.6844272122675,
              576.0
            ],
            [
              903.0,
              576.0
            ],
            [
              909.0,
              578.0
            ],
            [
              911.0,
              579.0
            ],
            [
              914.0,
              581.0
            ],
            [
              914.0522930531323,
              581.0522930531323
            ],
            [
              972.3182149160573,
              567.1974106822643
            ],
            [
              994.1536729351515,
              535.3939096490537
            ],
            [
              943.4571848242083,
              499.1422478948326
            ],
            [
              914.8733598267262,
              508.203174667035
            ]
          ],
          [
            [
              958.0,
              557.0
            ],
            [
              955.0,
              560.0
            ],
            [
              953.0,
              561.0
            ],
            [
              949.0,
              561.0
            ],
            [
              946.0,
              560.0
            ],
            [
              944.0,
              559.0
            ],
            [
              940.0,
              556.0
            ],
            [
              933.0,
              549.0
            ],
            [
              932.0,
              547.0
            ],
            [
              932.0,
              546.0
            ],
            [
              934.0,
              544.0
            ],
            [
              947.0,
              544.0
            ],
            [
              950.0,
              545.0
            ],
            [
              952.0,
              546.0
            ],
            [
              955.0,
              548.0
            ],
            [
              956.0,
              549.0
            ],
            [
              958.0,
              552.0
            ],
            [
              958.0,
              557.0
            ]
          ]
        ]
      },
      "properties": {
        "province_id": 25,
        "city_name": "City 25",
        "city_location": [
          942,
          541
        ],
        "area": 4557.051612601609,
        "is_coastal": true,
        "is_mountainous": true,
        "has_city": true
      }
    },
    {
      "type": "Feature",
      "geometry": {
        "type": "Polygon",
        "coordinates": [
          [
            [
              556.9478844505445,
              587.0521155494555
            ],
            [
              559.0,
              585.0
            ],
            [
              561.0,
              584.0
            ],
            [
              565.0,
              583.0
            ],
            [
              573.0,
              583.0
            ],
            [
              579.0,
              585.0
            ],
            [
              583.0,
              587.0
            ],
            [
              587.0,
              591.0
            ],
            [
              588.0,
              593.0
            ],
            [
              588.0,
              598.0
            ],
            [
              587.0,
              600.0
            ],
            [
              584.0,
              603.0
            ],
            [
              580.0,
              605.0
            ],
            [
              577.0,
              606.0
            ],
            [
              566.078829059089,
              606.0
            ],
            [
              570.9824330547542,
              616.1756089741411
            ],
            [
              601.2688828519738,
              640.0262347591587
            ],
            [
              652.084830388809,
              625.361610129603
            ],
            [
              651.0,
              625.0
            ],
            [
              647.0,
              623.0
            ],
            [
              644.0,
              621.0
            ],
            [
              640.0,
              618.0
            ],
            [
              634.0,
              612.0
            ],
            [
              631.0,
              608.0
            ],
            [
              628.0,
              602.0
            ],
            [
              628.0,
              595.0
            ],
            [
              630.0,
              591.0
            ],
            [
              637.0,
              584.0
            ],
            [
              643.0,
              580.0
            ],
            [
              645.0,
              579.0
            ],
            [
              651.0,
              577.0
            ],
            [
              662.0,
              577.0
            ],
            [
              665.0,
              578.0
            ],
            [
              675.0,
              583.0
            ],
            [
              678.0,
              585.0
            ],
            [
              686.0,
              591.0
            ],
            [
              693.0,
              598.0
            ],
            [
              694.0,
              600.0
            ],
            [
              694.0,
              608.0
            ],
            [
              693.0,
              610.0
            ],
            [
              691.0,
              613.0
            ],
            [
              689.4097241138157,
              614.5902758861843
            ],
            [
              701.9773342571684,
              610.9634757540157
            ],
            [
              698.0407760595447,
              570.0203880297723
            ],
            [
              694.0,
              568.0
            ],
            [
              692.1110130746658,
              566.1110130746658
            ],
            [
              626.1618434786212,
              555.8381565213788
            ],
            [
              624.0,
              558.0
            ],
            [
              618.0,
              561.0
            ],
            [
              613.0,
              562.0
            ],
            [
              610.0,
              562.0
            ],
            [
              605.0,
              561.0
            ],
            [
              602.0,
              560.0
            ],
            [
              595.0,
              557.0
            ],
            [
              587.0,
              553.0
            ],
            [
              582.0,
              550.0
            ],
            [
              579.9625979873439,
              548.6417319915626
            ],
            [
              565.6431467016944,
              546.4112009647082
            ],
            [
              551.5536285245505,
              575.8583407140729
            ],
            [
              556.9478844505445,
              587.0521155494555
            ]
          ]
        ]
      },
      "properties": {
        "province_id": 26,
        "city_name": "City 26",
        "city_location": [
          616,
          588
        ],
        "area": 6569.851322331486,
        "is_coastal": true,
        "is_mountainous": true,
        "has_city": true
      }
    },
    {
      "type": "Feature",
      "geometry": {
        "type": "Polygon",
        "coordinates": [
          [
            [
              566.078829059089,
              606.0
            ],
            [
              564.0,
              606.0
            ],
            [
              561.0,
              605.0
            ],
            [
              557.0,
              603.0
            ],
            [
              554.0,
              600.0
            ],
            [
              553.0,
              598.0
            ],
            [
              553.0,
              592.0
            ],
            [
              554.0,
              590.0
            ],
            [
              556.9478844505445,
              587.0521155494555
            ],
            [
              551.5536285245505,
              575.8583407140729
            ],
            [
              454.2733690828447,
              595.7762507332402
            ],
            [
              428.83035238905967,
              610.5791753023083
            ],
            [
              525.4835200790674,
              696.450208508574
            ],
            [
              570.9824330547542,
              616.1756089741411
            ],
            [
              566.078829059089,
              606.0
            ]
          ]
        ]
      },
      "properties": {
        "province_id": 27,
        "city_name": "City 27",
        "city_location": [
          508,
          626
        ],
        "area": 8987.755384008535,
        "is_coastal": true,
        "is_mountainous": false,
        "has_city": true
      }
    },
    {
      "type": "Feature",
      "geometry": {
        "type": "Polygon",
        "coordinates": [
          [
            [
              565.6431467016944,
              546.4112009647082
            ],
            [
              565.8720863653889,
              541.2750845336151
            ],
            [
              474.16789810063506,
              492.1247761828758
            ],
            [
              453.5084494262094,
              512.8530373266834
            ],
            [
              454.2733690828447,
              595.7762507332402
            ],
            [
              551.5536285245505,
              575.8583407140729
            ],
            [
              565.6431467016944,
              546.4112009647082
            ]
          ]
        ]
      },
      "properties": {
        "province_id": 28,
        "city_name": "City 28",
        "city_location": [
          499,
          547
        ],
        "area": 7678.399031861374,
        "is_coastal": false,
        "is_mountainous": false,
        "has_city": true
      }
    },
    {
      "type": "Feature",
      "geometry": {
        "type": "Polygon",
        "coordinates": [
          [
            [
              570.9824330547542,
              616.1756089741411
            ],
            [
              525.4835200790674,
              696.450208508574
            ],
            [
              523.4729375693593,
              722.9433114379782
            ],
            [
              534.7643059959591,
              768.0
            ],
            [
              571.9914356340948,
              768.0
            ],
            [
              619.867000728869,
              691.3991841355045
            ],
            [
              601.2688828519738,
              640.0262347591587
            ],
            [
              570.9824330547542,
              616.1756089741411
            ]
          ]
        ]
      },
      "properties": {
        "province_id": 29,
        "city_name": "City 29",
        "city_location": [
          568,
          697
        ],
        "area": 9250.232705476465,
        "is_coastal": false,
        "is_mountainous": false,
        "has_city": true
      }
    },
    {
      "type": "Feature",
      "geometry": {
        "type": "Polygon",
        "coordinates": [
          [
            [
              689.4097241138157,
              614.5902758861843
            ],
            [
              689.0,
              615.0
            ],
            [
              685.0,
              618.0
            ],
            [
              671.0,
              625.0
            ],
            [
              668.0,
              626.0
            ],
            [
              663.0,
              627.0
            ],
            [
              658.0,
              627.0
            ],
            [
              654.0,
              626.0
            ],
            [
              652.084830388809,
              625.361610129603
            ],
            [
              601.2688828519738,
              640.0262347591587
            ],
            [
              619.867000728869,
              691.3991841355045
            ],
            [
              634.6788091832638,
              694.4282544223149
            ],
            [
              635.0,
              694.0
            ],
            [
              639.0,
              690.0
            ],
            [
              645.0,
              690.0
            ],
            [
              648.0,
              691.0
            ],
            [
              650.0,
              692.0
            ],
            [
              653.0,
              694.0
            ],
            [
              658.2483044531334,
              699.2483044531334
            ],
            [
              673.7468429192842,
              702.41781359858
            ],
            [
              704.1350982787827,
              613.7940109816525
            ],
            [
              701.9773342571684,
              610.9634757540157
            ],
            [
              689.4097241138157,
              614.5902758861843
            ]
          ]
        ]
      },
      "properties": {
        "province_id": 30,
        "city_name": "City 30",
        "city_location": [
          653,
          657
        ],
        "area": 5384.826083305281,
        "is_coastal": true,
        "is_mountainous": false,
        "has_city": true
      }
    },
    {
      "type": "Feature",
      "geometry": {
        "type": "Polygon",
        "coordinates": [
          [
            [
              701.9773342571684,
              610.9634757540157
            ],
            [
              704.1350982787827,
              613.7940109816525
            ],
            [
              715.9727189340125,
              619.632737279185
            ],
            [
              719.0,
              616.0
            ],
            [
              720.0,
              615.0
            ],
            [
              725.0,
              611.0
            ],
            [
              728.0,
              609.0
            ],
            [
              734.0,
              607.0
            ],
            [
              748.0,
              607.0
            ],
            [
              753.0,
              608.0
            ],
            [
              756.0,
              609.0
            ],
            [
              760.0,
              611.0
            ],
            [
              763.0,
              614.0
            ],
            [
              764.0,
              616.0
            ],
            [
              764.0,
              618.0
            ],
            [
              760.8897106358432,
              634.6711509918803
            ],
            [
              788.4085671490981,
              620.9360818156797
            ],
            [
              790.0457572789716,
              575.0842034200278
            ],
            [
              781.7349446449905,
              569.2493191345284
            ],
            [
              762.9984218119989,
              557.5075312695215
            ],
            [
              713.0,
              573.0
            ],
            [
              706.0,
              573.0
            ],
            [
              702.0,
              572.0
            ],
            [
              698.0407760595447,
              570.0203880297723
            ],
            [
              701.9773342571684,
              610.9634757540157
            ]
          ]
        ]
      },
      "properties": {
        "province_id": 31,
        "city_name": "City 31",
        "city_location": [
          748,
          591
        ],
        "area": 4401.529597485824,
        "is_coastal": false,
        "is_mountainous": true,
        "has_city": true
      }
    },
    {
      "type": "Feature",
      "geometry": {
        "type": "Polygon",
        "coordinates": [
          [
            [
              765.5436650257077,
              488.6451346775498
            ],
            [
              752.6011674925404,
              460.9223563891524
            ],
            [
              736.7596996720112,
              454.00744225055774
            ],
            [
              729.2690572245104,
              454.7922540711278
            ],
            [
              715.3093398173447,
              467.61867963468933
            ],
            [
              716.0,
              469.0
            ],
            [
              716.0,
              473.0
            ],
            [
              712.0,
              481.0
            ],
            [
              706.0,
              487.0
            ],
            [
              704.0,
              488.0
            ],
            [
              700.0,
              488.0
            ],
            [
              699.8365535185644,
              487.83655351856436
            ],
            [
              697.0069597708489,
              545.4965201145756
            ],
            [
              704.0,
              542.0
            ],
            [
              709.0,
              540.0
            ],
            [
              712.0,
              539.0
            ],
            [
              719.0,
              537.0
            ],
            [
              727.0,
              535.0
            ],
            [
              733.0,
              534.0
            ],
            [
              764.7619737914141,
              528.9849515066188
            ],
            [
              765.5436650257077,
              488.6451346775498
            ]
          ]
        ]
      },
      "properties": {
        "province_id": 32,
        "city_name": "City 32",
        "city_location": [
          731,
          500
        ],
        "area": 4474.829776138256,
        "is_coastal": false,
        "is_mountainous": true,
        "has_city": true
      }
    },
    {
      "type": "Feature",
      "geometry": {
        "type": "Polygon",
        "coordinates": [
          [
            [
              579.9625979873439,
              548.6417319915626
            ],
            [
              579.0,
              548.0
            ],
            [
              574.0,
              543.0
            ],
            [
              574.0,
              540.0
            ],
            [
              575.0,
              538.0
            ],
            [
              579.0,
              536.0
            ],
            [
              585.0,
              534.0
            ],
            [
              593.0,
              532.0
            ],
            [
              603.0,
              530.0
            ],
            [
              610.0,
              530.0
            ],
            [
              615.0,
              531.0
            ],
            [
              621.0,
              534.0
            ],
            [
              624.0,
              536.0
            ],
            [
              627.0,
              539.0
            ],
            [
              629.0,
              542.0
            ],
            [
              630.0,
              545.0
            ],
            [
              630.0,
              550.0
            ],
            [
              629.0,
              553.0
            ],
            [
              626.1618434786212,
              555.8381565213788
            ],
            [
              692.1110130746658,
              566.1110130746658
            ],
            [
              689.0,
              563.0
            ],
            [
              688.0,
              561.0
            ],
            [
              688.0,
              554.0
            ],
            [
              689.0,
              552.0
            ],
            [
              694.0,
              547.0
            ],
            [
              697.0069597708489,
              545.4965201145756
            ],
            [
              699.8365535185644,
              487.83655351856436
            ],
            [
              698.0,
              486.0
            ],
            [
              697.0,
              484.0
            ],
            [
              697.6358282518514,
              481.45668699259437
            ],
            [
              582.6365301633798,
              477.0897596250723
            ],
            [
              565.8720863653889,
              541.2750845336151
            ],
            [
              565.6431467016944,
              546.4112009647082
            ],
            [
              579.9625979873439,
              548.6417319915626
            ]
          ]
        ]
      },
      "properties": {
        "province_id": 33,
        "city_name": "City 33",
        "city_location": [
          640,
          515
        ],
        "area": 8563.838501726646,
        "is_coastal": false,
        "is_mountainous": true,
        "has_city": true
      }
    },
    {
      "type": "Feature",
      "geometry": {
        "type": "Polygon",
        "coordinates": [
          [
            [
              571.9914356340948,
              768.0
            ],
            [
              718.4596352617915,
              768.0
            ],
            [
              718.3889555208832,
              767.0
            ],
            [
              711.0,
              767.0
            ],
            [
              710.0,
              766.0
            ],
            [
              709.0,
              764.0
            ],
            [
              701.1093046775152,
              731.3099765211343
            ],
            [
              673.7468429192842,
              702.41781359858
            ],
            [
              658.2483044531334,
              699.2483044531334
            ],
            [
              659.0,
              700.0
            ],
            [
              662.0,
              704.0
            ],
            [
              666.0,
              710.0
            ],
            [
              670.0,
              718.0
            ],
            [
              671.0,
              722.0
            ],
            [
              671.0,
              728.0
            ],
            [
              670.0,
              732.0
            ],
            [
              660.0,
              767.0
            ],
            [
              620.0,
              767.0
            ],
            [
              612.0,
              760.0
            ],
            [
              602.0,
              750.0
            ],
            [
              600.0,
              747.0
            ],
            [
              600.0,
              741.0
            ],
            [
              602.0,
              738.0
            ],
            [
              634.6788091832638,
              694.4282544223149
            ],
            [
              619.867000728869,
              691.3991841355045
            ],
            [
              571.9914356340948,
              768.0
            ]
          ]
        ]
      },
      "properties": {
        "province_id": 34,
        "city_name": "City 34",
        "city_location": [
          683,
          741
        ],
        "area": 3519.7785237611247,
        "is_coastal": true,
        "is_mountainous": true,
        "has_city": true
      }
    },
    {
      "type": "Feature",
      "geometry": {
        "type": "Polygon",
        "coordinates": [
          [
            [
              545.4189504840843,
              810.5159272378005
            ],
            [
              537.8455320543248,
              864.545806925993
            ],
            [
              904.9567375923094,
              13567.328202520694
            ],
            [
              993.9184672802653,
              15617.102508061711
            ],
            [
              852.6013445678313,
              2665.880603156219
            ],
            [
              718.4596352617915,
              768.0
            ],
            [
              571.9914356340948,
              768.0
            ],
            [
              545.4189504840843,
              810.5159272378005
            ]
          ]
        ]
      },
      "properties": {
        "province_id": 35,
        "city_name": null,
        "city_location": null,
        "area": 2285234.365571096,
        "is_coastal": false,
        "is_mountainous": false,
        "has_city": false
      }
    },
    {
      "type": "Feature",
      "geometry": {
        "type": "Polygon",
        "coordinates": [
          [
            [
              571.9914356340948,
              768.0
            ],
            [
              534.7643059959591,
              768.0
            ],
            [
              545.4189504840843,
              810.5159272378005
            ],
            [
              571.9914356340948,
              768.0
            ]
          ]
        ]
      },
      "properties": {
        "province_id": 36,
        "city_name": null,
        "city_location": null,
        "area": 791.3729674835718,
        "is_coastal": false,
        "is_mountainous": false,
        "has_city": false
      }
    },
    {
      "type": "Feature",
      "geometry": {
        "type": "Polygon",
        "coordinates": [
          [
            [
              534.7643059959591,
              768.0
            ],
            [
              480.3156598153537,
              768.0
            ],
            [
              485.04348182079656,
              785.8889239715195
            ],
            [
              537.8455320543248,
              864.545806925993
            ],
            [
              545.4189504840843,
              810.5159272378005
            ],
            [
              534.7643059959591,
              768.0
            ]
          ]
        ]
      },
      "properties": {
        "province_id": 37,
        "city_name": null,
        "city_location": null,
        "area": 3363.5723341528096,
        "is_coastal": false,
        "is_mountainous": false,
        "has_city": false
      }
    },
    {
      "type": "Feature",
      "geometry": {
        "type": "Polygon",
        "coordinates": [
          [
            [
              523.4729375693593,
              722.9433114379782
            ],
            [
              459.8358155955635,
              690.5092704897479
            ],
            [
              480.3156598153537,
              768.0
            ],
            [
              534.7643059959591,
              768.0
            ],
            [
              523.4729375693593,
              722.9433114379782
            ]
          ]
        ]
      },
      "properties": {
        "province_id": 38,
        "city_name": "City 38",
        "city_location": [
          496,
          736
        ],
        "area": 3360.1592966137673,
        "is_coastal": false,
        "is_mountainous": false,
        "has_city": true
      }
    },
    {
      "type": "Feature",
      "geometry": {
        "type": "Polygon",
        "coordinates": [
          [
            [
              525.4835200790674,
              696.450208508574
            ],
            [
              428.83035238905967,
              610.5791753023083
            ],
            [
              419.7414367682328,
              613.7718354317994
            ],
            [
              400.7491074563383,
              635.8678864923905
            ],
            [
              409.28760507284164,
              654.1045821035445
            ],
            [
              459.8358155955635,
              690.5092704897479
            ],
            [
              523.4729375693593,
              722.9433114379782
            ],
            [
              525.4835200790674,
              696.450208508574
            ]
          ]
        ]
      },
      "properties": {
        "province_id": 39,
        "city_name": "City 39",
        "city_location": [
          461,
          665
        ],
        "area": 5296.995365469234,
        "is_coastal": false,
        "is_mountainous": false,
        "has_city": true
      }
    },
    {
      "type": "Feature",
      "geometry": {
        "type": "Polygon",
        "coordinates": [
          [
            [
              485.04348182079656,
              785.8889239715195
            ],
            [
              471.5227456593875,
              768.0
            ],
            [
              419.83391961979714,
              768.0
            ],
            [
              362.82476147528405,
              3132.2010607712764
            ],
            [
              904.9567375923094,
              13567.328202520694
            ],
            [
              537.8455320543248,
              864.545806925993
            ],
            [
              485.04348182079656,
              785.8889239715195
            ]
          ]
        ]
      },
      "properties": {
        "province_id": 40,
        "city_name": null,
        "city_location": null,
        "area": 1672674.4291767026,
        "is_coastal": false,
        "is_mountainous": false,
        "has_city": false
      }
    },
    {
      "type": "Feature",
      "geometry": {
        "type": "Polygon",
        "coordinates": [
          [
            [
              459.8358155955635,
              690.5092704897479
            ],
            [
              409.28760507284164,
              654.1045821035445
            ],
            [
              417.3511714625262,
              694.9869231090478
            ],
            [
              421.43201061625723,
              701.7262897399291
            ],
            [
              471.5227456593875,
              768.0
            ],
            [
              480.3156598153537,
              768.0
            ],
            [
              459.8358155955635,
              690.5092704897479
            ]
          ]
        ]
      },
      "properties": {
        "province_id": 41,
        "city_name": "City 41",
        "city_location": [
          445,
          709
        ],
        "area": 2932.985223507413,
        "is_coastal": false,
        "is_mountainous": false,
        "has_city": true
      }
    },
    {
      "type": "Feature",
      "geometry": {
        "type": "Polygon",
        "coordinates": [
          [
            [
              673.7468429192842,
              702.41781359858
            ],
            [
              701.1093046775152,
              731.3099765211343
            ],
            [
              688.0,
              677.0
            ],
            [
              688.0,
              668.0
            ],
            [
              690.0,
              664.0
            ],
            [
              711.0,
              626.0
            ],
            [
              714.0,
              622.0
            ],
            [
              715.9727189340125,
              619.632737279185
            ],
            [
              704.1350982787827,
              613.7940109816525
            ],
            [
              673.7468429192842,
              702.41781359858
            ]
          ]
        ]
      },
      "properties": {
        "province_id": 42,
        "city_name": "City 42",
        "city_location": [
          686,
          672
        ],
        "area": 1058.7653458616737,
        "is_coastal": false,
        "is_mountainous": true,
        "has_city": true
      }
    },
    {
      "type": "Feature",
      "geometry": {
        "type": "Polygon",
        "coordinates": [
          [
            [
              843.4937993476858,
              182.16100994102874
            ],
            [
              830.947924245492,
              190.89584849098392
            ],
            [
              838.0,
              205.0
            ],
            [
              840.0,
              275.0
            ],
            [
              840.0,
              278.0
            ],
            [
              839.0,
              281.0
            ],
            [
              834.0,
              286.0
            ],
            [
              832.0,
              287.0
            ],
            [
              825.0,
              287.0
            ],
            [
              823.0,
              286.0
            ],
            [
              820.0,
              284.0
            ],
            [
              818.6948137747866,
              282.69481377478655
            ],
            [
              819.650810145128,
              285.3556553332558
            ],
            [
              834.3714025214355,
              290.617873791067
            ],
            [
              921.8524262753572,
              228.9759999965675
            ],
            [
              931.7086898999969,
              199.51131969022046
            ],
            [
              843.4937993476858,
              182.16100994102874
            ]
          ]
        ]
      },
      "properties": {
        "province_id": 43,
        "city_name": "City 43",
        "city_location": [
          873,
          225
        ],
        "area": 5974.175719360391,
        "is_coastal": true,
        "is_mountainous": false,
        "has_city": true
      }
    },
    {
      "type": "Feature",
      "geometry": {
        "type": "Polygon",
        "coordinates": [
          [
            [
              931.7086898999969,
              199.51131969022046
            ],
            [
              977.0703448385033,
              161.2464869788288
            ],
            [
              931.6814482648995,
              102.93668347523294
            ],
            [
              849.728047394951,
              154.86010013359225
            ],
            [
              886.0,
              153.0
            ],
            [
              899.0,
              153.0
            ],
            [
              902.0,
              154.0
            ],
            [
              903.0,
              155.0
            ],
            [
              904.0,
              157.0
            ],
            [
              904.0,
              160.0
            ],
            [
              902.0,
              168.0
            ],
            [
              901.0,
              171.0
            ],
            [
              897.0,
              181.0
            ],
            [
              895.0,
              184.0
            ],
            [
              893.0,
              186.0
            ],
            [
              891.0,
              187.0
            ],
            [
              887.0,
              187.0
            ],
            [
              881.0,
              185.0
            ],
            [
              876.0,
              183.0
            ],
            [
              868.0,
              179.0
            ],
            [
              857.0,
              173.0
            ],
            [
              850.0,
              169.0
            ],
            [
              847.0,
              167.0
            ],
            [
              846.0,
              166.0
            ],
            [
              845.5894696510612,
              165.3842044765918
            ],
            [
              843.4937993476858,
              182.16100994102874
            ],
            [
              931.7086898999969,
              199.51131969022046
            ]
          ]
        ]
      },
      "properties": {
        "province_id": 44,
        "city_name": "City 44",
        "city_location": [
          919,
          155
        ],
        "area": 6023.875840227984,
        "is_coastal": false,
        "is_mountainous": true,
        "has_city": true
      }
    },
    {
      "type": "Feature",
      "geometry": {
        "type": "Polygon",
        "coordinates": [
          [
            [
              843.4937993476858,
              182.16100994102874
            ],
            [
              845.5894696510612,
              165.3842044765918
            ],
            [
              844.0,
              163.0
            ],
            [
              844.0,
              157.0
            ],
            [
              845.0,
              156.0
            ],
            [
              846.1592418374125,
              155.4203790812937
            ],
            [
              830.5304542806828,
              112.38546084939154
            ],
            [
              803.098055798802,
              97.60129613413203
            ],
            [
              801.0,
              99.0
            ],
            [
              791.0,
              104.0
            ],
            [
              743.0579406425143,
              124.84437363368946
            ],
            [
              734.135837180159,
              137.44624268485234
            ],
            [
              750.3987821918475,
              150.60121780815248
            ],
            [
              754.0,
              147.0
            ],
            [
              757.0,
              145.0
            ],
            [
              761.0,
              143.0
            ],
            [
              766.0,
              141.0
            ],
            [
              778.0,
              137.0
            ],
            [
              782.0,
              136.0
            ],
            [
              794.0,
              136.0
            ],
            [
              797.0,
              137.0
            ],
            [
              801.0,
              139.0
            ],
            [
              804.0,
              141.0
            ],
            [
              807.0,
              144.0
            ],
            [
              809.0,
              147.0
            ],
            [
              830.947924245492,
              190.89584849098392
            ],
            [
              843.4937993476858,
              182.16100994102874
            ]
          ]
        ]
      },
      "properties": {
        "province_id": 45,
        "city_name": "City 45",
        "city_location": [
          802,
          135
        ],
        "area": 4186.601510996738,
        "is_coastal": true,
        "is_mountainous": true,
        "has_city": true
      }
    },
    {
      "type": "Feature",
      "geometry": {
        "type": "Polygon",
        "coordinates": [
          [
            [
              734.135837180159,
              137.44624268485234
            ],
            [
              720.3592548800557,
              142.79782492887014
            ],
            [
              759.0,
              205.0
            ],
            [
              760.0,
              207.0
            ],
            [
              760.0,
              213.0
            ],
            [
              759.0,
              215.0
            ],
            [
              756.0,
              218.0
            ],
            [
              750.0,
              221.0
            ],
            [
              746.0,
              222.0
            ],
            [
              736.0,
              222.0
            ],
            [
              732.0,
              221.0
            ],
            [
              729.0,
              220.0
            ],
            [
              727.0,
              219.0
            ],
            [
              724.0,
              217.0
            ],
            [
              720.0,
              213.0
            ],
            [
              694.9963654133084,
              183.62072936063728
            ],
            [
              686.5423739932302,
              198.32297821610538
            ],
            [
              708.9853781833749,
              228.98706382811793
            ],
            [
              801.4998719747218,
              255.28103395734308
            ],
            [
              748.0,
              165.0
            ],
            [
              747.0,
              162.0
            ],
            [
              747.0,
              156.0
            ],
            [
              749.0,
              152.0
            ],
            [
              750.3987821918475,
              150.60121780815248
            ],
            [
              734.135837180159,
              137.44624268485234
            ]
          ]
        ]
      },
      "properties": {
        "province_id": 46,
        "city_name": "City 46",
        "city_location": [
          756,
          190
        ],
        "area": 3602.59184766981,
        "is_coastal": true,
        "is_mountainous": true,
        "has_city": true
      }
    },
    {
      "type": "Feature",
      "geometry": {
        "type": "Polygon",
        "coordinates": [
          [
            [
              818.6948137747866,
              282.69481377478655
            ],
            [
              818.0,
              282.0
            ],
            [
              815.0,
              278.0
            ],
            [
              812.0,
              273.0
            ],
            [
              801.4998719747218,
              255.28103395734308
            ],
            [
              708.9853781833749,
              228.98706382811793
            ],
            [
              711.0130925607298,
              268.0130925607297
            ],
            [
              712.0,
              269.0
            ],
            [
              714.0,
              272.0
            ],
            [
              716.0,
              276.0
            ],
            [
              717.0,
              280.0
            ],
            [
              717.0,
              286.0
            ],
            [
              716.0,
              289.0
            ],
            [
              712.2959835683266,
              292.7040164316734
            ],
            [
              713.76164425434,
              320.91258302438797
            ],
            [
              764.5540374267515,
              328.14149940430656
            ],
            [
              819.650810145128,
              285.3556553332558
            ],
            [
              818.6948137747866,
              282.69481377478655
            ]
          ]
        ]
      },
      "properties": {
        "province_id": 47,
        "city_name": "City 47",
        "city_location": [
          755,
          280
        ],
        "area": 7296.472087395329,
        "is_coastal": true,
        "is_mountainous": false,
        "has_city": true
      }
    },
    {
      "type": "Feature",
      "geometry": {
        "type": "Polygon",
        "coordinates": [
          [
            [
              1024.0,
              167.31189022605508
            ],
            [
              1024.0,
              0.0
            ],
            [
              1006.879046433434,
              0.0
            ],
            [
              998.7664749961871,
              9.46068110992488
            ],
            [
              1023.0,
              17.0
            ],
            [
              1023.0,
              43.0
            ],
            [
              964.1154398231781,
              49.86986535396255
            ],
            [
              949.1902371155356,
              67.27526935073912
            ],
            [
              928.2729335465004,
              84.6487510492816
            ],
            [
              926.5624364275953,
              91.94018858582767
            ],
            [
              931.6814482648995,
              102.93668347523294
            ],
            [
              977.0703448385033,
              161.2464869788288
            ],
            [
              1024.0,
              167.31189022605508
            ]
          ],
          [
            [
              1000.0,
              139.0
            ],
            [
              1001.0,
              141.0
            ],
            [
              1001.0,
              143.0
            ],
            [
              1000.0,
              145.0
            ],
            [
              999.0,
              146.0
            ],
            [
              996.0,
              147.0
            ],
            [
              993.0,
              147.0
            ],
            [
              990.0,
              146.0
            ],
            [
              987.0,
              143.0
            ],
            [
              987.0,
              140.0
            ],
            [
              990.0,
              137.0
            ],
            [
              992.0,
              136.0
            ],
            [
              996.0,
              136.0
            ],
            [
              998.0,
              137.0
            ],
            [
              1000.0,
              139.0
            ]
          ]
        ]
      },
      "properties": {
        "province_id": 48,
        "city_name": "City 48",
        "city_location": [
          984,
          101
        ],
        "area": 9016.132150186648,
        "is_coastal": true,
        "is_mountainous": true,
        "has_city": true
      }
    },
    {
      "type": "Feature",
      "geometry": {
        "type": "Polygon",
        "coordinates": [
          [
            [
              686.5423739932302,
              198.32297821610538
            ],
            [
              650.9200400002568,
              210.1213408692081
            ],
            [
              650.606956197568,
              221.83913016464007
            ],
            [
              652.0,
              223.0
            ],
            [
              662.0,
              233.0
            ],
            [
              664.0,
              236.0
            ],
            [
              665.0,
              238.0
            ],
            [
              665.0,
              247.0
            ],
            [
              664.0,
              249.0
            ],
            [
              662.0,
              252.0
            ],
            [
              652.0,
              262.0
            ],
            [
              649.489187246423,
              263.67387516905137
            ],
            [
              647.7334972272471,
              329.38409567908604
            ],
            [
              658.3839265821392,
              345.1062034970596
            ],
            [
              713.76164425434,
              320.91258302438797
            ],
            [
              712.2959835683266,
              292.7040164316734
            ],
            [
              712.0,
              293.0
            ],
            [
              708.0,
              295.0
            ],
            [
              704.0,
              296.0
            ],
            [
              675.0,
              302.0
            ],
            [
              667.0,
              302.0
            ],
            [
              663.0,
              300.0
            ],
            [
              662.0,
              299.0
            ],
            [
              661.0,
              296.0
            ],
            [
              661.0,
              293.0
            ],
            [
              663.0,
              289.0
            ],
            [
              665.0,
              286.0
            ],
            [
              667.0,
              284.0
            ],
            [
              671.0,
              281.0
            ],
            [
              674.0,
              279.0
            ],
            [
              679.0,
              276.0
            ],
            [
              686.0,
              272.0
            ],
            [
              696.0,
              267.0
            ],
            [
              699.0,
              266.0
            ],
            [
              707.0,
              266.0
            ],
            [
              711.0,
              268.0
            ],
            [
              711.0130925607298,
              268.0130925607297
            ],
            [
              708.9853781833749,
              228.98706382811793
            ],
            [
              686.5423739932302,
              198.32297821610538
            ]
          ]
        ]
      },
      "properties": {
        "province_id": 49,
        "city_name": "City 49",
        "city_location": [
          678,
          271
        ],
        "area": 6102.113728461241,
        "is_coastal": true,
        "is_mountainous": true,
        "has_city": true
      }
    },
    {
      "type": "Feature",
      "geometry": {
        "type": "Polygon",
        "coordinates": [
          [
            [
              694.9963654133084,
              183.62072936063728
            ],
            [
              680.0,
              166.0
            ],
            [
              678.0,
              163.0
            ],
            [
              678.0,
              158.0
            ],
            [
              683.0,
              153.0
            ],
            [
              686.0,
              151.0
            ],
            [
              698.0,
              145.0
            ],
            [
              705.0,
              142.0
            ],
            [
              710.0,
              140.0
            ],
            [
              712.2922884091286,
              139.2359038636238
            ],
            [
              666.7596249095023,
              102.8156086530468
            ],
            [
              625.2026745489712,
              99.34517535135137
            ],
            [
              552.6623978018765,
              123.64369828000068
            ],
            [
              544.8237685626685,
              130.2745895208895
            ],
            [
              547.0,
              131.0
            ],
            [
              614.0,
              155.0
            ],
            [
              616.0,
              156.0
            ],
            [
              617.0,
              157.0
            ],
            [
              618.0,
              159.0
            ],
            [
              618.0,
              162.0
            ],
            [
              616.0,
              166.0
            ],
            [
              614.0,
              168.0
            ],
            [
              611.0,
              170.0
            ],
            [
              599.0,
              176.0
            ],
            [
              592.0,
              179.0
            ],
            [
              589.0,
              180.0
            ],
            [
              585.0,
              181.0
            ],
            [
              563.0233358869984,
              182.50820243912756
            ],
            [
              598.9243577139102,
              202.6330858620817
            ],
            [
              601.4720742277592,
              203.0
            ],
            [
              620.0,
              203.0
            ],
            [
              626.0,
              205.0
            ],
            [
              630.3047963266201,
              207.15239816331007
            ],
            [
              650.9200400002568,
              210.1213408692081
            ],
            [
              686.5423739932302,
              198.32297821610538
            ],
            [
              694.9963654133084,
              183.62072936063728
            ]
          ]
        ]
      },
      "properties": {
        "province_id": 50,
        "city_name": "City 50",
        "city_location": [
          635,
          152
        ],
        "area": 10535.663077868634,
        "is_coastal": true,
        "is_mountainous": true,
        "has_city": true
      }
    },
    {
      "type": "Feature",
      "geometry": {
        "type": "Polygon",
        "coordinates": [
          [
            [
              484.62718620663145,
              99.74562758673711
            ],
            [
              486.0,
              97.0
            ],
            [
              488.0,
              95.0
            ],
            [
              494.0,
              91.0
            ],
            [
              500.0,
              89.0
            ],
            [
              504.0,
              88.0
            ],
            [
              524.0,
              88.0
            ],
            [
              526.0,
              89.0
            ],
            [
              526.0,
              91.0
            ],
            [
              524.0,
              93.0
            ],
            [
              511.0,
              103.0
            ],
            [
              503.0,
              109.0
            ],
            [
              499.0,
              111.0
            ],
            [
              496.0,
              112.0
            ],
            [
              495.31096489329695,
              112.0
            ],
            [
              536.2889827843129,
              131.18900457632188
            ],
            [
              537.0,
              131.0
            ],
            [
              541.0,
              130.0
            ],
            [
              544.0,
              130.0
            ],
            [
              544.8237685626685,
              130.2745895208895
            ],
            [
              552.6623978018765,
              123.64369828000068
            ],
            [
              576.7977861176555,
              48.0
            ],
            [
              573.0,
              48.0
            ],
            [
              568.0,
              47.0
            ],
            [
              562.0,
              45.0
            ],
            [
              554.0,
              41.0
            ],
            [
              551.0,
              38.0
            ],
            [
              550.0,
              36.0
            ],
            [
              550.0,
              31.0
            ],
            [
              551.0,
              29.0
            ],
            [
              553.0,
              26.0
            ],
            [
              564.0,
              15.0
            ],
            [
              567.0,
              13.0
            ],
            [
              573.0,
              10.0
            ],
            [
              584.0,
              10.0
            ],
            [
              588.245088942114,
              12.122544471056973
            ],
            [
              592.1129897036717,
              0.0
            ],
            [
              513.9251323988049,
              0.0
            ],
            [
              506.04851872831745,
              18.19756025840521
            ],
            [
              512.0,
              28.0
            ],
            [
              514.0,
              32.0
            ],
            [
              514.0,
              38.0
            ],
            [
              508.0,
              44.0
            ],
            [
              491.2566235727767,
              52.371688213611655
            ],
            [
              476.993963704287,
              85.3231091236482
            ],
            [
              484.62718620663145,
              99.74562758673711
            ]
          ]
        ]
      },
      "properties": {
        "province_id": 51,
        "city_name": "City 51",
        "city_location": [
          532,
          62
        ],
        "area": 7924.025884801545,
        "is_coastal": true,
        "is_mountainous": true,
        "has_city": true
      }
    },
    {
      "type": "Feature",
      "geometry": {
        "type": "Polygon",
        "coordinates": [
          [
            [
              476.993963704287,
              85.3231091236482
            ],
            [
              474.5660390837687,
              83.89858887112436
            ],
            [
              377.0,
              99.83013389363722
            ],
            [
              377.0,
              103.0
            ],
            [
              376.0,
              107.0
            ],
            [
              374.0,
              111.0
            ],
            [
              372.0,
              114.0
            ],
            [
              369.0,
              117.0
            ],
            [
              366.9142143465654,
              118.39052376895638
            ],
            [
              363.91495811550317,
              169.97319729548104
            ],
            [
              391.10784330816654,
              182.71245734836748
            ],
            [
              409.07355558427844,
              179.16724439145705
            ],
            [
              487.9371741125501,
              110.93717411255011
            ],
            [
              485.0,
              108.0
            ],
            [
              484.0,
              106.0
            ],
            [
              484.0,
              101.0
            ],
            [
              484.62718620663145,
              99.74562758673711
            ],
            [
              476.993963704287,
              85.3231091236482
            ]
          ]
        ]
      },
      "properties": {
        "province_id": 52,
        "city_name": "City 52",
        "city_location": [
          417,
          129
        ],
        "area": 7672.718307777207,
        "is_coastal": true,
        "is_mountainous": true,
        "has_city": true
      }
    },
    {
      "type": "Feature",
      "geometry": {
        "type": "Polygon",
        "coordinates": [
          [
            [
              491.2566235727767,
              52.371688213611655
            ],
            [
              490.0,
              53.0
            ],
            [
              480.0,
              57.0
            ],
            [
              477.0,
              58.0
            ],
            [
              473.0,
              59.0
            ],
            [
              466.0,
              59.0
            ],
            [
              463.0,
              58.0
            ],
            [
              461.0,
              57.0
            ],
            [
              453.0,
              49.0
            ],
            [
              451.0,
              46.0
            ],
            [
              450.0,
              44.0
            ],
            [
              448.0,
              39.0
            ],
            [
              446.0,
              31.0
            ],
            [
              445.0,
              25.0
            ],
            [
              442.0,
              2.0
            ],
            [
              442.0,
              0.0
            ],
            [
              413.62062005639945,
              0.0
            ],
            [
              414.0045694794118,
              3.5603627651178655
            ],
            [
              438.17382686056146,
              49.319906431272656
            ],
            [
              474.5660390837687,
              83.89858887112436
            ],
            [
              476.993963704287,
              85.3231091236482
            ],
            [
              491.2566235727767,
              52.371688213611655
            ]
          ]
        ]
      },
      "properties": {
        "province_id": 53,
        "city_name": "City 53",
        "city_location": [
          441,
          41
        ],
        "area": 1739.4493142897336,
        "is_coastal": true,
        "is_mountainous": false,
        "has_city": true
      }
    },
    {
      "type": "Feature",
      "geometry": {
        "type": "Polygon",
        "coordinates": [
          [
            [
              513.9251323988049,
              0.0
            ],
            [
              592.1129897036717,
              0.0
            ],
            [
              608.6277732012143,
              -51.75965199743344
            ],
            [
              608.0899771394859,
              -217.55166726183705
            ],
            [
              513.9251323988049,
              0.0
            ]
          ]
        ]
      },
      "properties": {
        "province_id": 54,
        "city_name": null,
        "city_location": null,
        "area": 9887.877045508969,
        "is_coastal": false,
        "is_mountainous": false,
        "has_city": false
      }
    },
    {
      "type": "Feature",
      "geometry": {
        "type": "Polygon",
        "coordinates": [
          [
            [
              592.1129897036717,
              0.0
            ],
            [
              624.9547523383645,
              0.0
            ],
            [
              608.6277732012143,
              -51.75965199743344
            ],
            [
              592.1129897036717,
              0.0
            ]
          ]
        ]
      },
      "properties": {
        "province_id": 55,
        "city_name": null,
        "city_location": null,
        "area": 849.9391024770067,
        "is_coastal": false,
        "is_mountainous": false,
        "has_city": false
      }
    },
    {
      "type": "Feature",
      "geometry": {
        "type": "Polygon",
        "coordinates": [
          [
            [
              588.245088942114,
              12.122544471056973
            ],
            [
              592.0,
              14.0
            ],
            [
              610.0,
              26.0
            ],
            [
              616.0,
              32.0
            ],
            [
              617.0,
              34.0
            ],
            [
              617.0,
              36.0
            ],
            [
              616.0,
              38.0
            ],
            [
              614.0,
              40.0
            ],
            [
              611.0,
              42.0
            ],
            [
              609.0,
              43.0
            ],
            [
              600.0,
              46.0
            ],
            [
              596.0,
              47.0
            ],
            [
              590.0,
              48.0
            ],
            [
              576.7977861176555,
              48.0
            ],
            [
              552.6623978018765,
              123.64369828000068
            ],
            [
              625.2026745489712,
              99.34517535135137
            ],
            [
              627.4063319709229,
              7.771977140369117
            ],
            [
              624.9547523383645,
              0.0
            ],
            [
              592.1129897036717,
              0.0
            ],
            [
              588.245088942114,
              12.122544471056973
            ]
          ]
        ]
      },
      "properties": {
        "province_id": 56,
        "city_name": "City 56",
        "city_location": [
          597,
          66
        ],
        "area": 4889.384840719729,
        "is_coastal": true,
        "is_mountainous": false,
        "has_city": true
      }
    },
    {
      "type": "Feature",
      "geometry": {
        "type": "Polygon",
        "coordinates": [
          [
            [
              495.31096489329695,
              112.0
            ],
            [
              490.0,
              112.0
            ],
            [
              488.0,
              111.0
            ],
            [
              487.9371741125501,
              110.93717411255011
            ],
            [
              409.07355558427844,
              179.16724439145705
            ],
            [
              456.281340477857,
              231.71865952214299
            ],
            [
              457.0,
              231.0
            ],
            [
              460.0,
              229.0
            ],
            [
              465.0,
              227.0
            ],
            [
              470.0,
              226.0
            ],
            [
              483.0,
              226.0
            ],
            [
              486.0,
              227.0
            ],
            [
              488.0,
              229.0
            ],
            [
              489.0,
              231.0
            ],
            [
              490.2923439952617,
              262.6624278839122
            ],
            [
              497.9416925826843,
              264.9784324997579
            ],
            [
              526.5579279357929,
              222.49758793897624
            ],
            [
              518.0,
              219.0
            ],
            [
              516.0,
              218.0
            ],
            [
              515.0,
              217.0
            ],
            [
              515.0,
              214.0
            ],
            [
              516.0,
              212.0
            ],
            [
              521.0,
              207.0
            ],
            [
              527.0,
              204.0
            ],
            [
              530.0,
              203.0
            ],
            [
              539.6920256932272,
              203.0
            ],
            [
              553.0340522022602,
              183.19374151553117
            ],
            [
              483.0,
              188.0
            ],
            [
              477.0,
              188.0
            ],
            [
              473.0,
              187.0
            ],
            [
              471.0,
              186.0
            ],
            [
              468.0,
              184.0
            ],
            [
              463.0,
              179.0
            ],
            [
              459.0,
              173.0
            ],
            [
              456.0,
              167.0
            ],
            [
              454.0,
              161.0
            ],
            [
              454.0,
              156.0
            ],
            [
              455.0,
              154.0
            ],
            [
              456.0,
              153.0
            ],
            [
              458.0,
              152.0
            ],
            [
              536.2889827843129,
              131.18900457632188
            ],
            [
              495.31096489329695,
              112.0
            ]
          ]
        ]
      },
      "properties": {
        "province_id": 57,
        "city_name": "City 57",
        "city_location": [
          520,
          187
        ],
        "area": 7745.162381277352,
        "is_coastal": true,
        "is_mountainous": true,
        "has_city": true
      }
    },
    {
      "type": "Feature",
      "geometry": {
        "type": "Polygon",
        "coordinates": [
          [
            [
              658.3839265821392,
              345.1062034970596
            ],
            [
              654.0099799210685,
              359.98504974311186
            ],
            [
              686.6908391016917,
              401.15458044915414
            ],
            [
              687.0,
              401.0
            ],
            [
              692.0,
              399.0
            ],
            [
              710.0,
              393.0
            ],
            [
              718.0,
              391.0
            ],
            [
              733.0,
              391.0
            ],
            [
              739.0,
              393.0
            ],
            [
              742.0,
              395.0
            ],
            [
              743.0,
              397.0
            ],
            [
              743.0,
              400.0
            ],
            [
              742.0,
              402.0
            ],
            [
              737.0,
              407.0
            ],
            [
              712.0,
              430.0
            ],
            [
              710.2738088865249,
              430.86309555673756
            ],
            [
              729.2690572245104,
              454.7922540711278
            ],
            [
              736.7596996720112,
              454.00744225055774
            ],
            [
              768.9035164535176,
              374.26608722517886
            ],
            [
              747.0,
              359.0
            ],
            [
              743.0,
              355.0
            ],
            [
              742.0,
              352.0
            ],
            [
              742.0,
              351.0
            ],
            [
              744.0,
              347.0
            ],
            [
              747.0,
              345.0
            ],
            [
              751.0,
              344.0
            ],
            [
              766.7348345518154,
              340.73042398923315
            ],
            [
              764.5540374267515,
              328.14149940430656
            ],
            [
              713.76164425434,
              320.91258302438797
            ],
            [
              658.3839265821392,
              345.1062034970596
            ]
          ]
        ]
      },
      "properties": {
        "province_id": 58,
        "city_name": "City 58",
        "city_location": [
          717,
          371
        ],
        "area": 7611.492650192629,
        "is_coastal": true,
        "is_mountainous": true,
        "has_city": true
      }
    },
    {
      "type": "Feature",
      "geometry": {
        "type": "Polygon",
        "coordinates": [
          [
            [
              710.2738088865249,
              430.86309555673756
            ],
            [
              708.0,
              432.0
            ],
            [
              701.0,
              432.0
            ],
            [
              695.0,
              429.0
            ],
            [
              691.0,
              426.0
            ],
            [
              680.0,
              415.0
            ],
            [
              678.0,
              411.0
            ],
            [
              678.0,
              408.0
            ],
            [
              679.0,
              406.0
            ],
            [
              680.0,
              405.0
            ],
            [
              683.0,
              403.0
            ],
            [
              686.6908391016917,
              401.15458044915414
            ],
            [
              654.0099799210685,
              359.98504974311186
            ],
            [
              585.6097822790966,
              412.1030149576249
            ],
            [
              583.0,
              421.0
            ],
            [
              580.0,
              424.0
            ],
            [
              578.0,
              425.0
            ],
            [
              575.7833585215111,
              425.0
            ],
            [
              581.4866470641826,
              473.2941787556317
            ],
            [
              582.6365301633798,
              477.0897596250723
            ],
            [
              697.6358282518514,
              481.45668699259437
            ],
            [
              698.0,
              480.0
            ],
            [
              702.0,
              474.0
            ],
            [
              707.0,
              469.0
            ],
            [
              710.0,
              467.0
            ],
            [
              715.0,
              467.0
            ],
            [
              715.3093398173447,
              467.61867963468933
            ],
            [
              729.2690572245104,
              454.7922540711278
            ],
            [
              710.2738088865249,
              430.86309555673756
            ]
          ],
          [
            [
              657.0,
              444.0
            ],
            [
              658.0,
              446.0
            ],
            [
              658.0,
              454.0
            ],
            [
              656.0,
              456.0
            ],
            [
              653.0,
              456.0
            ],
            [
              651.0,
              455.0
            ],
            [
              649.0,
              453.0
            ],
            [
              647.0,
              449.0
            ],
            [
              645.0,
              444.0
            ],
            [
              645.0,
              442.0
            ],
            [
              647.0,
              440.0
            ],
            [
              652.0,
              440.0
            ],
            [
              654.0,
              441.0
            ],
            [
              657.0,
              444.0
            ]
          ]
        ]
      },
      "properties": {
        "province_id": 59,
        "city_name": "City 59",
        "city_location": [
          644,
          434
        ],
        "area": 11188.908012794482,
        "is_coastal": true,
        "is_mountainous": true,
        "has_city": true
      }
    },
    {
      "type": "Feature",
      "geometry": {
        "type": "Polygon",
        "coordinates": [
          [
            [
              658.3839265821392,
              345.1062034970596
            ],
            [
              647.7334972272471,
              329.38409567908604
            ],
            [
              605.3734763151223,
              306.08428890024237
            ],
            [
              523.4996987722326,
              311.1038704153268
            ],
            [
              522.0413737831443,
              311.3706742657528
            ],
            [
              552.460800202516,
              403.95195313437654
            ],
            [
              553.4049787217537,
              404.6199148870145
            ],
            [
              553.0,
              403.0
            ],
            [
              539.0,
              341.0
            ],
            [
              539.0,
              331.0
            ],
            [
              540.0,
              329.0
            ],
            [
              544.0,
              325.0
            ],
            [
              548.0,
              323.0
            ],
            [
              551.0,
              322.0
            ],
            [
              559.0,
              322.0
            ],
            [
              564.0,
              323.0
            ],
            [
              576.0,
              327.0
            ],
            [
              592.0,
              333.0
            ],
            [
              600.0,
              337.0
            ],
            [
              603.0,
              339.0
            ],
            [
              604.0,
              340.0
            ],
            [
              605.0,
              342.0
            ],
            [
              605.0,
              346.0
            ],
            [
              585.6097822790966,
              412.1030149576249
            ],
            [
              654.0099799210685,
              359.98504974311186
            ],
            [
              658.3839265821392,
              345.1062034970596
            ]
          ]
        ]
      },
      "properties": {
        "province_id": 60,
        "city_name": "City 60",
        "city_location": [
          629,
          352
        ],
        "area": 5361.4674979299,
        "is_coastal": true,
        "is_mountainous": false,
        "has_city": true
      }
    },
    {
      "type": "Feature",
      "geometry": {
        "type": "Polygon",
        "coordinates": [
          [
            [
              56.418967884889746,
              502.90516057555124
            ],
            [
              56.0,
              505.0
            ],
            [
              55.0,
              507.0
            ],
            [
              53.0,
              510.0
            ],
            [
              50.0,
              513.0
            ],
            [
              46.0,
              515.0
            ],
            [
              38.0,
              515.0
            ],
            [
              35.0,
              514.0
            ],
            [
              29.0,
              511.0
            ],
            [
              26.0,
              509.0
            ],
            [
              22.0,
              506.0
            ],
            [
              16.0,
              500.0
            ],
            [
              14.315233862090395,
              496.6304677241808
            ],
            [
              0.0,
              494.49707747590696
            ],
            [
              0.0,
              527.0
            ],
            [
              8.0,
              531.0
            ],
            [
              11.0,
              533.0
            ],
            [
              19.0,
              541.0
            ],
            [
              20.0,
              543.0
            ],
            [
              20.0,
              548.0
            ],
            [
              16.0,
              552.0
            ],
            [
              10.0,
              555.0
            ],
            [
              5.0,
              557.0
            ],
            [
              2.0,
              558.0
            ],
            [
              0.0,
              558.0
            ],
            [
              0.0,
              612.1844127705201
            ],
            [
              6.822881406878913,
              612.9807087317536
            ],
            [
              90.23684852747179,
              514.8257440470333
            ],
            [
              90.88387495440924,
              508.04144387753007
            ],
            [
              56.418967884889746,
              502.90516057555124
            ]
          ]
        ]
      },
      "properties": {
        "province_id": 61,
        "city_name": "City 61",
        "city_location": [
          33,
          543
        ],
        "area": 5128.508135711969,
        "is_coastal": true,
        "is_mountainous": true,
        "has_city": true
      }
    },
    {
      "type": "Feature",
      "geometry": {
        "type": "Polygon",
        "coordinates": [
          [
            [
              14.315233862090395,
              496.6304677241808
            ],
            [
              14.0,
              496.0
            ],
            [
              14.0,
              491.0
            ],
            [
              16.0,
              487.0
            ],
            [
              21.0,
              482.0
            ],
            [
              24.0,
              480.0
            ],
            [
              26.0,
              479.0
            ],
            [
              29.0,
              478.0
            ],
            [
              39.0,
              478.0
            ],
            [
              42.0,
              479.0
            ],
            [
              44.0,
              480.0
            ],
            [
              47.0,
              482.0
            ],
            [
              52.0,
              487.0
            ],
            [
              54.0,
              490.0
            ],
            [
              56.0,
              494.0
            ],
            [
              57.0,
              499.0
            ],
            [
              57.0,
              500.0
            ],
            [
              56.418967884889746,
              502.90516057555124
            ],
            [
              90.88387495440924,
              508.04144387753007
            ],
            [
              109.68267165746536,
              466.49030376069436
            ],
            [
              48.37680964170106,
              425.2481179726309
            ],
            [
              39.0,
              435.0
            ],
            [
              35.0,
              439.0
            ],
            [
              31.0,
              440.0
            ],
            [
              30.0,
              440.0
            ],
            [
              26.0,
              439.0
            ],
            [
              24.0,
              438.0
            ],
            [
              19.0,
              433.0
            ],
            [
              18.0,
              430.0
            ],
            [
              17.024782000682446,
              404.1567230180848
            ],
            [
              10.217327164053273,
              399.5771557812043
            ],
            [
              8.245899743637636,
              399.2829149124643
            ],
            [
              0.0,
              399.6981921677794
            ],
            [
              0.0,
              494.49707747590696
            ],
            [
              14.315233862090395,
              496.6304677241808
            ]
          ]
        ]
      },
      "properties": {
        "province_id": 62,
        "city_name": "City 62",
        "city_location": [
          47,
          461
        ],
        "area": 6181.2708819267555,
        "is_coastal": false,
        "is_mountainous": true,
        "has_city": true
      }
    },
    {
      "type": "Feature",
      "geometry": {
        "type": "Polygon",
        "coordinates": [
          [
            [
              -475.4420660732351,
              423.6422470797455
            ],
            [
              -645.6345834391427,
              425.0212244294749
            ],
            [
              -1239.560101820232,
              467.5158125233648
            ],
            [
              0.0,
              612.1844127705201
            ],
            [
              0.0,
              558.0
            ],
            [
              0.0,
              527.0
            ],
            [
              0.0,
              494.49707747590696
            ],
            [
              -475.4420660732351,
              423.6422470797455
            ]
          ]
        ]
      },
      "properties": {
        "province_id": 63,
        "city_name": null,
        "city_location": null,
        "area": 113647.28441580513,
        "is_coastal": true,
        "is_mountainous": false,
        "has_city": false
      }
    },
    {
      "type": "Feature",
      "geometry": {
        "type": "Polygon",
        "coordinates": [
          [
            [
              0.0,
              494.49707747590696
            ],
            [
              0.0,
              399.6981921677794
            ],
            [
              -475.4420660732351,
              423.6422470797455
            ],
            [
              0.0,
              494.49707747590696
            ]
          ]
        ]
      },
      "properties": {
        "province_id": 64,
        "city_name": null,
        "city_location": null,
        "area": 22535.688946167913,
        "is_coastal": false,
        "is_mountainous": false,
        "has_city": false
      }
    },
    {
      "type": "Feature",
      "geometry": {
        "type": "Polygon",
        "coordinates": [
          [
            [
              90.23684852747179,
              514.8257440470333
            ],
            [
              127.90281153703037,
              560.4090882910695
            ],
            [
              153.2943606059187,
              554.4779828422386
            ],
            [
              206.66569695408975,
              522.4657166088934
            ],
            [
              210.19400716725417,
              517.1272775097591
            ],
            [
              186.77593394888999,
              501.38796697444496
            ],
            [
              186.0,
              501.0
            ],
            [
              185.5927434546825,
              500.5927434546825
            ],
            [
              125.23446740112739,
              460.0258854845682
            ],
            [
              124.81755348943192,
              459.8483676178221
            ],
            [
              109.68267165746536,
              466.49030376069436
            ],
            [
              90.88387495440924,
              508.04144387753007
            ],
            [
              90.23684852747179,
              514.8257440470333
            ]
          ]
        ]
      },
      "properties": {
        "province_id": 65,
        "city_name": "City 65",
        "city_location": [
          141,
          512
        ],
        "area": 6775.1870831168535,
        "is_coastal": true,
        "is_mountainous": false,
        "has_city": true
      }
    },
    {
      "type": "Feature",
      "geometry": {
        "type": "Polygon",
        "coordinates": [
          [
            [
              6.822881406878913,
              612.9807087317536
            ],
            [
              19.9736619287593,
              622.4136541359276
            ],
            [
              90.52825061429617,
              622.2641253071481
            ],
            [
              90.0,
              622.0
            ],
            [
              80.0,
              612.0
            ],
            [
              80.0,
              609.0
            ],
            [
              81.0,
              608.0
            ],
            [
              86.0,
              607.0
            ],
            [
              90.0,
              607.0
            ],
            [
              95.0,
              608.0
            ],
            [
              98.0,
              609.0
            ],
            [
              100.0,
              610.0
            ],
            [
              105.0,
              615.0
            ],
            [
              106.0,
              619.0
            ],
            [
              105.0,
              622.0
            ],
            [
              104.76604936200961,
              622.2339506379903
            ],
            [
              121.30086720870437,
              622.1989078152235
            ],
            [
              131.08821760460827,
              621.7597232844578
            ],
            [
              132.19441733447778,
              619.1865968219761
            ],
            [
              127.90281153703037,
              560.4090882910695
            ],
            [
              90.23684852747179,
              514.8257440470333
            ],
            [
              6.822881406878913,
              612.9807087317536
            ]
          ]
        ]
      },
      "properties": {
        "province_id": 66,
        "city_name": "City 66",
        "city_location": [
          79,
          582
        ],
        "area": 7846.547466205839,
        "is_coastal": true,
        "is_mountainous": false,
        "has_city": true
      }
    },
    {
      "type": "Feature",
      "geometry": {
        "type": "Polygon",
        "coordinates": [
          [
            [
              -475.4420660732351,
              423.6422470797455
            ],
            [
              0.0,
              399.6981921677794
            ],
            [
              0.0,
              280.50223716210303
            ],
            [
              -645.6345834391427,
              425.0212244294749
            ],
            [
              -475.4420660732351,
              423.6422470797455
            ]
          ]
        ]
      },
      "properties": {
        "province_id": 67,
        "city_name": null,
        "city_location": null,
        "area": 40188.25294945608,
        "is_coastal": false,
        "is_mountainous": false,
        "has_city": false
      }
    },
    {
      "type": "Feature",
      "geometry": {
        "type": "Polygon",
        "coordinates": [
          [
            [
              25.309535076963787,
              633.9066498933355
            ],
            [
              32.92961098145351,
              643.0351945092732
            ],
            [
              37.0,
              641.0
            ],
            [
              41.0,
              640.0
            ],
            [
              50.0,
              640.0
            ],
            [
              54.0,
              641.0
            ],
            [
              60.0,
              644.0
            ],
            [
              65.0,
              649.0
            ],
            [
              66.0,
              651.0
            ],
            [
              66.0,
              654.0
            ],
            [
              65.0,
              656.0
            ],
            [
              62.0,
              659.0
            ],
            [
              59.0,
              661.0
            ],
            [
              55.0,
              663.0
            ],
            [
              50.94818759138654,
              664.6207249634454
            ],
            [
              79.64066071655296,
              698.9931543654089
            ],
            [
              121.30086720870437,
              622.1989078152235
            ],
            [
              104.76604936200961,
              622.2339506379903
            ],
            [
              104.0,
              623.0
            ],
            [
              100.0,
              625.0
            ],
            [
              97.0,
              625.0
            ],
            [
              94.0,
              624.0
            ],
            [
              90.52825061429617,
              622.2641253071481
            ],
            [
              19.9736619287593,
              622.4136541359276
            ],
            [
              25.309535076963787,
              633.9066498933355
            ]
          ]
        ]
      },
      "properties": {
        "province_id": 68,
        "city_name": "City 68",
        "city_location": [
          75,
          647
        ],
        "area": 3507.987049542477,
        "is_coastal": true,
        "is_mountainous": true,
        "has_city": true
      }
    },
    {
      "type": "Feature",
      "geometry": {
        "type": "Polygon",
        "coordinates": [
          [
            [
              0.0,
              172.16222123609205
            ],
            [
              0.0,
              219.0
            ],
            [
              32.0,
              217.0
            ],
            [
              34.27963123766881,
              217.0
            ],
            [
              34.208543360432756,
              216.19656577823423
            ],
            [
              0.0,
              172.16222123609205
            ]
          ]
        ]
      },
      "properties": {
        "province_id": 69,
        "city_name": "City 69",
        "city_location": [
          11,
          202
        ],
        "area": 812.688263938245,
        "is_coastal": false,
        "is_mountainous": true,
        "has_city": true
      }
    },
    {
      "type": "Feature",
      "geometry": {
        "type": "Polygon",
        "coordinates": [
          [
            [
              0.0,
              280.50223716210303
            ],
            [
              39.12345535528344,
              271.7448343039292
            ],
            [
              37.28795196953149,
              251.0
            ],
            [
              35.0,
              251.0
            ],
            [
              26.0,
              248.0
            ],
            [
              12.0,
              241.0
            ],
            [
              1.0,
              235.0
            ],
            [
              0.0,
              234.0
            ],
            [
              0.0,
              280.50223716210303
            ]
          ]
        ]
      },
      "properties": {
        "province_id": 70,
        "city_name": "City 70",
        "city_location": [
          16,
          259
        ],
        "area": 1227.880921816662,
        "is_coastal": false,
        "is_mountainous": true,
        "has_city": true
      }
    },
    {
      "type": "Feature",
      "geometry": {
        "type": "Polygon",
        "coordinates": [
          [
            [
              34.208543360432756,
              216.19656577823423
            ],
            [
              74.35938976422405,
              209.50567471620806
            ],
            [
              80.50903318712406,
              161.08899091968948
            ],
            [
              62.39576383237683,
              153.98659854004592
            ],
            [
              0.0,
              157.32175823772866
            ],
            [
              0.0,
              172.16222123609205
            ],
            [
              34.208543360432756,
              216.19656577823423
            ]
          ]
        ]
      },
      "properties": {
        "province_id": 71,
        "city_name": "City 71",
        "city_location": [
          43,
          181
        ],
        "area": 3762.5734986875887,
        "is_coastal": false,
        "is_mountainous": false,
        "has_city": true
      }
    },
    {
      "type": "Feature",
      "geometry": {
        "type": "Polygon",
        "coordinates": [
          [
            [
              34.27963123766881,
              217.0
            ],
            [
              47.0,
              217.0
            ],
            [
              49.0,
              218.0
            ],
            [
              51.0,
              220.0
            ],
            [
              51.0,
              227.0
            ],
            [
              47.0,
              239.0
            ],
            [
              43.0,
              247.0
            ],
            [
              40.0,
              250.0
            ],
            [
              38.0,
              251.0
            ],
            [
              37.28795196953149,
              251.0
            ],
            [
              39.12345535528344,
              271.7448343039292
            ],
            [
              57.26063293468114,
              280.36115890479783
            ],
            [
              84.81651040788364,
              283.774418511789
            ],
            [
              107.84702263002193,
              272.40049817971607
            ],
            [
              86.74473477189572,
              219.3210846678217
            ],
            [
              74.35938976422405,
              209.50567471620806
            ],
            [
              34.208543360432756,
              216.19656577823423
            ],
            [
              34.27963123766881,
              217.0
            ]
          ]
        ]
      },
      "properties": {
        "province_id": 72,
        "city_name": "City 72",
        "city_location": [
          70,
          249
        ],
        "area": 3593.2261770040864,
        "is_coastal": false,
        "is_mountainous": true,
        "has_city": true
      }
    },
    {
      "type": "Feature",
      "geometry": {
        "type": "Polygon",
        "coordinates": [
          [
            [
              -71.17222015214291,
              132.43286316213454
            ],
            [
              0.0,
              103.72377564004069
            ],
            [
              0.0,
              77.0
            ],
            [
              0.0,
              47.22476011727037
            ],
            [
              -184.55845571898885,
              115.45168562636667
            ],
            [
              -71.17222015214291,
              132.43286316213454
            ]
          ]
        ]
      },
      "properties": {
        "province_id": 73,
        "city_name": null,
        "city_location": null,
        "area": 7445.587260616649,
        "is_coastal": true,
        "is_mountainous": false,
        "has_city": false
      }
    },
    {
      "type": "Feature",
      "geometry": {
        "type": "Polygon",
        "coordinates": [
          [
            [
              0.0,
              280.50223716210303
            ],
            [
              0.0,
              399.6981921677794
            ],
            [
              8.245899743637636,
              399.2829149124643
            ],
            [
              16.11994530173871,
              380.17855049607584
            ],
            [
              16.0,
              377.0
            ],
            [
              16.0,
              368.0
            ],
            [
              17.0,
              365.0
            ],
            [
              22.0,
              355.0
            ],
            [
              25.0,
              350.0
            ],
            [
              32.0,
              339.0
            ],
            [
              34.860631254817314,
              334.70905311777403
            ],
            [
              57.26063293468114,
              280.36115890479783
            ],
            [
              39.12345535528344,
              271.7448343039292
            ],
            [
              0.0,
              280.50223716210303
            ]
          ]
        ]
      },
      "properties": {
        "province_id": 74,
        "city_name": "City 74",
        "city_location": [
          20,
          320
        ],
        "area": 3995.681027612083,
        "is_coastal": false,
        "is_mountainous": true,
        "has_city": true
      }
    },
    {
      "type": "Feature",
      "geometry": {
        "type": "Polygon",
        "coordinates": [
          [
            [
              -11.069321444056726,
              157.91343229528314
            ],
            [
              0.0,
              157.32175823772866
            ],
            [
              0.0,
              111.0
            ],
            [
              0.0,
              103.72377564004069
            ],
            [
              -71.17222015214291,
              132.43286316213454
            ],
            [
              -11.069321444056726,
              157.91343229528314
            ]
          ]
        ]
      },
      "properties": {
        "province_id": 75,
        "city_name": null,
        "city_location": null,
        "area": 2066.1506767075525,
        "is_coastal": true,
        "is_mountainous": false,
        "has_city": false
      }
    },
    {
      "type": "Feature",
      "geometry": {
        "type": "Polygon",
        "coordinates": [
          [
            [
              388.2635730072387,
              768.0
            ],
            [
              310.6586104460184,
              768.0
            ],
            [
              275.25860220460356,
              900.6335893020462
            ],
            [
              279.2059048737965,
              1041.7467626010737
            ],
            [
              388.2635730072387,
              768.0
            ]
          ]
        ]
      },
      "properties": {
        "province_id": 76,
        "city_name": null,
        "city_location": null,
        "area": 13381.52984087298,
        "is_coastal": false,
        "is_mountainous": false,
        "has_city": false
      }
    },
    {
      "type": "Feature",
      "geometry": {
        "type": "Polygon",
        "coordinates": [
          [
            [
              279.2059048737965,
              1041.7467626010737
            ],
            [
              270.0462343798148,
              1409.1665800153337
            ],
            [
              362.82476147528405,
              3132.2010607712764
            ],
            [
              419.83391961979714,
              768.0
            ],
            [
              388.2635730072387,
              768.0
            ],
            [
              279.2059048737965,
              1041.7467626010737
            ]
          ]
        ]
      },
      "properties": {
        "province_id": 77,
        "city_name": null,
        "city_location": null,
        "area": 187690.1034571183,
        "is_coastal": false,
        "is_mountainous": false,
        "has_city": false
      }
    },
    {
      "type": "Feature",
      "geometry": {
        "type": "Polygon",
        "coordinates": [
          [
            [
              388.66196189446134,
              767.0
            ],
            [
              360.0,
              767.0
            ],
            [
              354.0,
              761.0
            ],
            [
              352.0,
              758.0
            ],
            [
              350.0,
              754.0
            ],
            [
              350.0,
              750.0
            ],
            [
              351.0,
              747.0
            ],
            [
              352.0,
              745.0
            ],
            [
              358.0,
              739.0
            ],
            [
              361.0,
              737.0
            ],
            [
              367.0,
              734.0
            ],
            [
              371.0,
              733.0
            ],
            [
              377.0,
              732.0
            ],
            [
              385.0,
              732.0
            ],
            [
              393.0,
              733.0
            ],
            [
              399.0,
              734.0
            ],
            [
              401.5543854759801,
              734.6385963689951
            ],
            [
              417.3511714625262,
              694.9869231090478
            ],
            [
              409.28760507284164,
              654.1045821035445
            ],
            [
              400.7491074563383,
              635.8678864923905
            ],
            [
              384.99562677773025,
              639.8815517287312
            ],
            [
              331.77723147746747,
              688.8746368246939
            ],
            [
              323.8283667103212,
              718.6567334206424
            ],
            [
              324.0,
              719.0
            ],
            [
              324.0,
              721.0
            ],
            [
              319.0,
              767.0
            ],
            [
              310.9255112245293,
              767.0
            ],
            [
              310.6586104460184,
              768.0
            ],
            [
              388.2635730072387,
              768.0
            ],
            [
              388.66196189446134,
              767.0
            ]
          ],
          [
            [
              367.0,
              690.0
            ],
            [
              363.0,
              692.0
            ],
            [
              358.0,
              692.0
            ],
            [
              355.0,
              691.0
            ],
            [
              353.0,
              690.0
            ],
            [
              349.0,
              686.0
            ],
            [
              348.0,
              684.0
            ],
            [
              348.0,
              682.0
            ],
            [
              349.0,
              680.0
            ],
            [
              350.0,
              679.0
            ],
            [
              352.0,
              678.0
            ],
            [
              355.0,
              677.0
            ],
            [
              365.0,
              677.0
            ],
            [
              368.0,
              678.0
            ],
            [
              371.0,
              681.0
            ],
            [
              371.0,
              685.0
            ],
            [
              370.0,
              687.0
            ],
            [
              367.0,
              690.0
            ]
          ]
        ]
      },
      "properties": {
        "province_id": 78,
        "city_name": "City 78",
        "city_location": [
          369,
          702
        ],
        "area": 7276.54506498911,
        "is_coastal": true,
        "is_mountainous": true,
        "has_city": true
      }
    },
    {
      "type": "Feature",
      "geometry": {
        "type": "Polygon",
        "coordinates": [
          [
            [
              279.2059048737965,
              1041.7467626010737
            ],
            [
              275.25860220460356,
              900.6335893020462
            ],
            [
              228.25398082789323,
              768.0
            ],
            [
              109.66917549985229,
              768.0
            ],
            [
              270.0462343798148,
              1409.1665800153337
            ],
            [
              279.2059048737965,
              1041.7467626010737
            ]
          ]
        ]
      },
      "properties": {
        "province_id": 79,
        "city_name": null,
        "city_location": null,
        "area": 51685.10860457276,
        "is_coastal": false,
        "is_mountainous": false,
        "has_city": false
      }
    },
    {
      "type": "Feature",
      "geometry": {
        "type": "Polygon",
        "coordinates": [
          [
            [
              420.51301189973356,
              739.8376706332446
            ],
            [
              421.0,
              740.0
            ],
            [
              425.0,
              742.0
            ],
            [
              426.0,
              743.0
            ],
            [
              426.0,
              747.0
            ],
            [
              425.0,
              749.0
            ],
            [
              420.1757464572031,
              753.8242535427969
            ],
            [
              419.83391961979714,
              768.0
            ],
            [
              471.5227456593875,
              768.0
            ],
            [
              421.43201061625723,
              701.7262897399291
            ],
            [
              420.51301189973356,
              739.8376706332446
            ]
          ]
        ]
      },
      "properties": {
        "province_id": 80,
        "city_name": "City 80",
        "city_location": [
          437,
          745
        ],
        "area": 1658.5144685243,
        "is_coastal": true,
        "is_mountainous": false,
        "has_city": true
      }
    },
    {
      "type": "Feature",
      "geometry": {
        "type": "Polygon",
        "coordinates": [
          [
            [
              159.68497680895226,
              692.0501478052083
            ],
            [
              162.87796666231355,
              662.3265866998058
            ],
            [
              134.30469101620588,
              627.5219479297617
            ],
            [
              85.84708099105184,
              707.3463328727039
            ],
            [
              91.02348633771634,
              719.0
            ],
            [
              100.0,
              719.0
            ],
            [
              104.0,
              720.0
            ],
            [
              107.0,
              721.0
            ],
            [
              109.0,
              722.0
            ],
            [
              112.0,
              724.0
            ],
            [
              112.18114346754493,
              724.181143467545
            ],
            [
              159.68497680895226,
              692.0501478052083
            ]
          ]
        ]
      },
      "properties": {
        "province_id": 81,
        "city_name": "City 81",
        "city_location": [
          127,
          681
        ],
        "area": 3959.0520403200308,
        "is_coastal": false,
        "is_mountainous": true,
        "has_city": true
      }
    },
    {
      "type": "Feature",
      "geometry": {
        "type": "Polygon",
        "coordinates": [
          [
            [
              109.66917549985229,
              768.0
            ],
            [
              228.25398082789323,
              768.0
            ],
            [
              221.79121097575188,
              749.7639130532966
            ],
            [
              159.68497680895226,
              692.0501478052083
            ],
            [
              112.18114346754493,
              724.181143467545
            ],
            [
              117.0,
              729.0
            ],
            [
              120.0,
              735.0
            ],
            [
              121.0,
              738.0
            ],
            [
              121.0,
              748.0
            ],
            [
              120.0,
              751.0
            ],
            [
              119.0,
              753.0
            ],
            [
              118.0,
              754.0
            ],
            [
              114.0,
              756.0
            ],
            [
              108.0,
              756.0
            ],
            [
              106.5974100357696,
              755.7194820071539
            ],
            [
              109.66917549985229,
              768.0
            ]
          ],
          [
            [
              223.0,
              762.0
            ],
            [
              225.0,
              766.0
            ],
            [
              225.0,
              767.0
            ],
            [
              211.0,
              767.0
            ],
            [
              164.0,
              747.0
            ],
            [
              160.0,
              745.0
            ],
            [
              156.0,
              741.0
            ],
            [
              155.0,
              739.0
            ],
            [
              155.0,
              733.0
            ],
            [
              156.0,
              731.0
            ],
            [
              158.0,
              730.0
            ],
            [
              161.0,
              729.0
            ],
            [
              162.0,
              729.0
            ],
            [
              167.0,
              730.0
            ],
            [
              171.0,
              731.0
            ],
            [
              178.0,
              733.0
            ],
            [
              181.0,
              734.0
            ],
            [
              186.0,
              736.0
            ],
            [
              194.0,
              740.0
            ],
            [
              204.0,
              746.0
            ],
            [
              210.0,
              750.0
            ],
            [
              214.0,
              753.0
            ],
            [
              223.0,
              762.0
            ]
          ]
        ]
      },
      "properties": {
        "province_id": 82,
        "city_name": "City 82",
        "city_location": [
          138,
          729
        ],
        "area": 4500.5514776881155,
        "is_coastal": true,
        "is_mountainous": true,
        "has_city": true
      }
    },
    {
      "type": "Feature",
      "geometry": {
        "type": "Polygon",
        "coordinates": [
          [
            [
              8.658721999637397,
              44.02383400108781
            ],
            [
              9.0,
              43.0
            ],
            [
              10.0,
              41.0
            ],
            [
              19.0,
              32.0
            ],
            [
              23.0,
              29.0
            ],
            [
              29.0,
              25.0
            ],
            [
              39.0,
              20.0
            ],
            [
              42.0,
              19.0
            ],
            [
              51.17809153401717,
              19.0
            ],
            [
              79.86537605676179,
              0.0
            ],
            [
              0.0,
              0.0
            ],
            [
              0.0,
              47.22476011727037
            ],
            [
              8.658721999637397,
              44.02383400108781
            ]
          ]
        ]
      },
      "properties": {
        "province_id": 83,
        "city_name": "City 83",
        "city_location": [
          26,
          14
        ],
        "area": 1794.8107068025952,
        "is_coastal": false,
        "is_mountainous": true,
        "has_city": true
      }
    },
    {
      "type": "Feature",
      "geometry": {
        "type": "Polygon",
        "coordinates": [
          [
            [
              0.0,
              47.22476011727037
            ],
            [
              0.0,
              77.0
            ],
            [
              1.0,
              77.0
            ],
            [
              9.0,
              81.0
            ],
            [
              14.0,
              84.0
            ],
            [
              23.0,
              90.0
            ],
            [
              26.85490685939977,
              92.89118014454982
            ],
            [
              45.91097192484908,
              85.20444171456666
            ],
            [
              53.23275821451259,
              71.8836208927437
            ],
            [
              53.0,
              72.0
            ],
            [
              50.0,
              73.0
            ],
            [
              39.0,
              73.0
            ],
            [
              35.0,
              72.0
            ],
            [
              29.0,
              69.0
            ],
            [
              26.0,
              67.0
            ],
            [
              21.0,
              63.0
            ],
            [
              14.0,
              57.0
            ],
            [
              13.0,
              56.0
            ],
            [
              10.0,
              52.0
            ],
            [
              9.0,
              50.0
            ],
            [
              8.0,
              47.0
            ],
            [
              8.0,
              46.0
            ],
            [
              8.658721999637397,
              44.02383400108781
            ],
            [
              0.0,
              47.22476011727037
            ]
          ]
        ]
      },
      "properties": {
        "province_id": 84,
        "city_name": "City 84",
        "city_location": [
          20,
          72
        ],
        "area": 1146.35491093647,
        "is_coastal": true,
        "is_mountainous": true,
        "has_city": true
      }
    },
    {
      "type": "Feature",
      "geometry": {
        "type": "Polygon",
        "coordinates": [
          [
            [
              145.93610857905273,
              -179.2804822283381
            ],
            [
              227.8355282519135,
              0.0
            ],
            [
              229.0,
              0.0
            ],
            [
              312.40676313104666,
              0.0
            ],
            [
              109.59832841102732,
              -1583.7521539599863
            ],
            [
              145.93610857905273,
              -179.2804822283381
            ]
          ]
        ]
      },
      "properties": {
        "province_id": 85,
        "city_name": null,
        "city_location": null,
        "area": 121225.31775652338,
        "is_coastal": false,
        "is_mountainous": true,
        "has_city": false
      }
    },
    {
      "type": "Feature",
      "geometry": {
        "type": "Polygon",
        "coordinates": [
          [
            [
              120.0486943758872,
              -26.61398807050064
            ],
            [
              119.91025069797989,
              -10.939108890126093
            ],
            [
              122.66935217532307,
              0.0
            ],
            [
              211.0,
              0.0
            ],
            [
              227.8355282519135,
              0.0
            ],
            [
              145.93610857905273,
              -179.2804822283381
            ],
            [
              120.0486943758872,
              -26.61398807050064
            ]
          ]
        ]
      },
      "properties": {
        "province_id": 86,
        "city_name": null,
        "city_location": null,
        "area": 9994.029882649698,
        "is_coastal": false,
        "is_mountainous": true,
        "has_city": false
      }
    },
    {
      "type": "Feature",
      "geometry": {
        "type": "Polygon",
        "coordinates": [
          [
            [
              51.17809153401717,
              19.0
            ],
            [
              55.0,
              19.0
            ],
            [
              61.0,
              21.0
            ],
            [
              66.0,
              23.0
            ],
            [
              71.0,
              26.0
            ],
            [
              74.0,
              28.0
            ],
            [
              79.0,
              33.0
            ],
            [
              80.0,
              35.0
            ],
            [
              80.0,
              38.05520772557217
            ],
            [
              110.99936861257598,
              0.0
            ],
            [
              79.86537605676179,
              0.0
            ],
            [
              51.17809153401717,
              19.0
            ]
          ]
        ]
      },
      "properties": {
        "province_id": 87,
        "city_name": "City 87",
        "city_location": [
          82,
          14
        ],
        "area": 1009.9307638441803,
        "is_coastal": false,
        "is_mountainous": true,
        "has_city": true
      }
    },
    {
      "type": "Feature",
      "geometry": {
        "type": "Polygon",
        "coordinates": [
          [
            [
              74.35938976422405,
              209.50567471620806
            ],
            [
              86.74473477189572,
              219.3210846678217
            ],
            [
              148.23192530569253,
              156.03896779480854
            ],
            [
              80.50903318712406,
              161.08899091968948
            ],
            [
              74.35938976422405,
              209.50567471620806
            ]
          ]
        ]
      },
      "properties": {
        "province_id": 88,
        "city_name": "City 88",
        "city_location": [
          101,
          181
        ],
        "area": 2317.5774220726576,
        "is_coastal": false,
        "is_mountainous": false,
        "has_city": true
      }
    },
    {
      "type": "Feature",
      "geometry": {
        "type": "Polygon",
        "coordinates": [
          [
            [
              86.74473477189572,
              219.3210846678217
            ],
            [
              107.84702263002193,
              272.40049817971607
            ],
            [
              118.11433710571593,
              271.7749109815936
            ],
            [
              186.8269398718324,
              208.30470041040377
            ],
            [
              188.3045825381726,
              181.91374761451786
            ],
            [
              188.0,
              181.0
            ],
            [
              188.0,
              178.0
            ],
            [
              188.58975678288505,
              176.8204864342299
            ],
            [
              188.69591695924828,
              174.924447380252
            ],
            [
              172.36461767548238,
              150.07727023413895
            ],
            [
              148.23192530569253,
              156.03896779480854
            ],
            [
              86.74473477189572,
              219.3210846678217
            ]
          ],
          [
            [
              148.0,
              204.0
            ],
            [
              148.0,
              208.0
            ],
            [
              146.0,
              210.0
            ],
            [
              144.0,
              211.0
            ],
            [
              141.0,
              211.0
            ],
            [
              138.0,
              210.0
            ],
            [
              136.0,
              209.0
            ],
            [
              135.0,
              208.0
            ],
            [
              135.0,
              203.0
            ],
            [
              137.0,
              201.0
            ],
            [
              139.0,
              200.0
            ],
            [
              144.0,
              200.0
            ],
            [
              146.0,
              201.0
            ],
            [
              147.0,
              202.0
            ],
            [
              148.0,
              204.0
            ]
          ]
        ]
      },
      "properties": {
        "province_id": 89,
        "city_name": "City 89",
        "city_location": [
          135,
          215
        ],
        "area": 6823.955511397369,
        "is_coastal": true,
        "is_mountainous": true,
        "has_city": true
      }
    },
    {
      "type": "Feature",
      "geometry": {
        "type": "Polygon",
        "coordinates": [
          [
            [
              148.23192530569253,
              156.03896779480854
            ],
            [
              172.36461767548238,
              150.07727023413895
            ],
            [
              171.52172825219014,
              129.96724852839068
            ],
            [
              162.364736104875,
              115.77013661840985
            ],
            [
              101.0,
              114.0
            ],
            [
              94.0,
              113.0
            ],
            [
              86.0,
              111.0
            ],
            [
              77.0,
              108.0
            ],
            [
              74.84919294227295,
              106.92459647113648
            ],
            [
              62.39576383237683,
              153.98659854004592
            ],
            [
              80.50903318712406,
              161.08899091968948
            ],
            [
              148.23192530569253,
              156.03896779480854
            ]
          ]
        ]
      },
      "properties": {
        "province_id": 90,
        "city_name": "City 90",
        "city_location": [
          116,
          136
        ],
        "area": 4460.867239573839,
        "is_coastal": true,
        "is_mountainous": false,
        "has_city": true
      }
    },
    {
      "type": "Feature",
      "geometry": {
        "type": "Polygon",
        "coordinates": [
          [
            [
              62.39576383237683,
              153.98659854004592
            ],
            [
              74.84919294227295,
              106.92459647113648
            ],
            [
              69.0,
              104.0
            ],
            [
              66.0,
              101.0
            ],
            [
              66.0,
              98.07375726976365
            ],
            [
              45.91097192484908,
              85.20444171456666
            ],
            [
              26.85490685939977,
              92.89118014454982
            ],
            [
              27.0,
              93.0
            ],
            [
              33.0,
              99.0
            ],
            [
              34.0,
              101.0
            ],
            [
              34.0,
              102.0
            ],
            [
              33.0,
              104.0
            ],
            [
              31.0,
              106.0
            ],
            [
              25.0,
              109.0
            ],
            [
              22.0,
              110.0
            ],
            [
              17.0,
              111.0
            ],
            [
              0.0,
              111.0
            ],
            [
              0.0,
              157.32175823772866
            ],
            [
              62.39576383237683,
              153.98659854004592
            ]
          ]
        ]
      },
      "properties": {
        "province_id": 91,
        "city_name": "City 91",
        "city_location": [
          36,
          126
        ],
        "area": 3838.0560053646986,
        "is_coastal": true,
        "is_mountainous": false,
        "has_city": true
      }
    },
    {
      "type": "Feature",
      "geometry": {
        "type": "Polygon",
        "coordinates": [
          [
            [
              186.8269398718324,
              208.30470041040377
            ],
            [
              241.8286211305169,
              283.7681367555729
            ],
            [
              242.4893379531895,
              284.021324093621
            ],
            [
              244.0,
              281.0
            ],
            [
              249.0,
              276.0
            ],
            [
              282.72304838036035,
              247.23622344028087
            ],
            [
              240.0238235084306,
              170.8079995757578
            ],
            [
              207.42258681012953,
              173.42258681012953
            ],
            [
              211.0,
              177.0
            ],
            [
              211.0,
              183.0
            ],
            [
              210.0,
              185.0
            ],
            [
              208.0,
              187.0
            ],
            [
              205.0,
              189.0
            ],
            [
              202.0,
              190.0
            ],
            [
              196.0,
              190.0
            ],
            [
              194.0,
              189.0
            ],
            [
              189.0,
              184.0
            ],
            [
              188.3045825381726,
              181.91374761451786
            ],
            [
              186.8269398718324,
              208.30470041040377
            ]
          ],
          [
            [
              215.0,
              246.0
            ],
            [
              213.0,
              243.0
            ],
            [
              212.0,
              240.0
            ],
            [
              212.0,
              233.0
            ],
            [
              213.0,
              230.0
            ],
            [
              215.0,
              226.0
            ],
            [
              223.0,
              218.0
            ],
            [
              229.0,
              214.0
            ],
            [
              231.0,
              213.0
            ],
            [
              237.0,
              211.0
            ],
            [
              242.0,
              210.0
            ],
            [
              244.0,
              210.0
            ],
            [
              250.0,
              211.0
            ],
            [
              253.0,
              212.0
            ],
            [
              261.0,
              216.0
            ],
            [
              264.0,
              218.0
            ],
            [
              265.0,
              219.0
            ],
            [
              266.0,
              221.0
            ],
            [
              266.0,
              226.0
            ],
            [
              265.0,
              228.0
            ],
            [
              258.0,
              235.0
            ],
            [
              249.0,
              241.0
            ],
            [
              235.0,
              248.0
            ],
            [
              229.0,
              250.0
            ],
            [
              221.0,
              250.0
            ],
            [
              217.0,
              248.0
            ],
            [
              215.0,
              246.0
            ]
          ]
        ]
      },
      "properties": {
        "province_id": 92,
        "city_name": "City 92",
        "city_location": [
          207,
          227
        ],
        "area": 4399.8455888498265,
        "is_coastal": true,
        "is_mountainous": true,
        "has_city": true
      }
    },
    {
      "type": "Feature",
      "geometry": {
        "type": "Polygon",
        "coordinates": [
          [
            [
              118.11433710571593,
              271.7749109815936
            ],
            [
              128.22849226732492,
              285.0
            ],
            [
              129.0,
              285.0
            ],
            [
              133.0,
              286.0
            ],
            [
              139.0,
              289.0
            ],
            [
              142.0,
              291.0
            ],
            [
              146.0,
              295.0
            ],
            [
              148.0,
              298.0
            ],
            [
              150.0,
              302.0
            ],
            [
              151.0,
              306.0
            ],
            [
              151.0,
              312.0
            ],
            [
              150.55995537389637,
              314.2002231305182
            ],
            [
              166.71519274887495,
              335.32452357713987
            ],
            [
              195.06821945913092,
              315.86356108173817
            ],
            [
              198.0,
              310.0
            ],
            [
              201.0,
              307.0
            ],
            [
              203.0,
              306.0
            ],
            [
              207.0,
              305.0
            ],
            [
              209.85548525611622,
              305.71387131402906
            ],
            [
              241.8286211305169,
              283.7681367555729
            ],
            [
              186.8269398718324,
              208.30470041040377
            ],
            [
              118.11433710571593,
              271.7749109815936
            ]
          ]
        ]
      },
      "properties": {
        "province_id": 93,
        "city_name": "City 93",
        "city_location": [
          180,
          273
        ],
        "area": 7729.452625442313,
        "is_coastal": true,
        "is_mountainous": true,
        "has_city": true
      }
    },
    {
      "type": "Feature",
      "geometry": {
        "type": "Polygon",
        "coordinates": [
          [
            [
              188.69591695924828,
              174.924447380252
            ],
            [
              189.57294469222802,
              174.85411061554396
            ],
            [
              190.0,
              174.0
            ],
            [
              191.0,
              173.0
            ],
            [
              195.0,
              171.0
            ],
            [
              203.0,
              171.0
            ],
            [
              207.0,
              173.0
            ],
            [
              207.42258681012953,
              173.42258681012953
            ],
            [
              240.0238235084306,
              170.8079995757578
            ],
            [
              290.726331323112,
              162.90897252590483
            ],
            [
              287.59717823690045,
              150.29858911845022
            ],
            [
              283.0,
              148.0
            ],
            [
              282.0,
              147.0
            ],
            [
              281.0,
              145.0
            ],
            [
              281.0,
              141.0
            ],
            [
              283.0,
              138.0
            ],
            [
              284.2381566681787,
              136.76184333182132
            ],
            [
              276.8822434723601,
              107.11775652763991
            ],
            [
              276.0,
              108.0
            ],
            [
              273.0,
              110.0
            ],
            [
              269.0,
              112.0
            ],
            [
              266.0,
              113.0
            ],
            [
              261.0,
              114.0
            ],
            [
              228.0,
              117.0
            ],
            [
              205.0,
              117.0
            ],
            [
              187.95521946253203,
              116.50832363834228
            ],
            [
              171.52172825219014,
              129.96724852839068
            ],
            [
              172.36461767548238,
              150.07727023413895
            ],
            [
              188.69591695924828,
              174.924447380252
            ]
          ]
        ]
      },
      "properties": {
        "province_id": 94,
        "city_name": "City 94",
        "city_location": [
          229,
          143
        ],
        "area": 5856.006269959074,
        "is_coastal": true,
        "is_mountainous": true,
        "has_city": true
      }
    },
    {
      "type": "Feature",
      "geometry": {
        "type": "Polygon",
        "coordinates": [
          [
            [
              107.84702263002193,
              272.40049817971607
            ],
            [
              84.81651040788364,
              283.774418511789
            ],
            [
              84.84951563368116,
              297.7501391331082
            ],
            [
              101.57024114334234,
              340.71349409556154
            ],
            [
              105.0,
              343.0
            ],
            [
              113.0,
              351.0
            ],
            [
              114.0,
              353.0
            ],
            [
              114.0,
              357.0
            ],
            [
              109.66380561737115,
              361.509642157934
            ],
            [
              110.59077820342637,
              363.8914677690382
            ],
            [
              145.44989545380724,
              379.0660886674199
            ],
            [
              166.0454433460331,
              340.3677163141796
            ],
            [
              166.71519274887495,
              335.32452357713987
            ],
            [
              150.55995537389637,
              314.2002231305182
            ],
            [
              150.0,
              317.0
            ],
            [
              148.0,
              323.0
            ],
            [
              146.0,
              326.0
            ],
            [
              145.0,
              327.0
            ],
            [
              142.0,
              329.0
            ],
            [
              139.0,
              330.0
            ],
            [
              132.0,
              330.0
            ],
            [
              128.0,
              329.0
            ],
            [
              123.0,
              327.0
            ],
            [
              118.0,
              324.0
            ],
            [
              106.0,
              315.0
            ],
            [
              101.0,
              311.0
            ],
            [
              95.0,
              305.0
            ],
            [
              94.0,
              303.0
            ],
            [
              94.0,
              299.0
            ],
            [
              95.0,
              297.0
            ],
            [
              100.0,
              292.0
            ],
            [
              103.0,
              290.0
            ],
            [
              107.0,
              288.0
            ],
            [
              113.0,
              286.0
            ],
            [
              117.0,
              285.0
            ],
            [
              128.22849226732492,
              285.0
            ],
            [
              118.11433710571593,
              271.7749109815936
            ],
            [
              107.84702263002193,
              272.40049817971607
            ]
          ]
        ]
      },
      "properties": {
        "province_id": 95,
        "city_name": "City 95",
        "city_location": [
          125,
          332
        ],
        "area": 3402.570940027011,
        "is_coastal": true,
        "is_mountainous": true,
        "has_city": true
      }
    },
    {
      "type": "Feature",
      "geometry": {
        "type": "Polygon",
        "coordinates": [
          [
            [
              474.5660390837687,
              83.89858887112436
            ],
            [
              438.17382686056146,
              49.319906431272656
            ],
            [
              351.963162402433,
              69.7148481169794
            ],
            [
              349.3941684125206,
              71.08312498328237
            ],
            [
              354.03161333497917,
              78.65612888834028
            ],
            [
              356.0,
              78.0
            ],
            [
              364.0,
              78.0
            ],
            [
              367.0,
              79.0
            ],
            [
              369.0,
              80.0
            ],
            [
              374.0,
              85.0
            ],
            [
              376.0,
              89.0
            ],
            [
              377.0,
              92.0
            ],
            [
              377.0,
              99.83013389363722
            ],
            [
              474.5660390837687,
              83.89858887112436
            ]
          ]
        ]
      },
      "properties": {
        "province_id": 96,
        "city_name": "City 96",
        "city_location": [
          413,
          75
        ],
        "area": 3423.7804703661454,
        "is_coastal": true,
        "is_mountainous": false,
        "has_city": true
      }
    },
    {
      "type": "Feature",
      "geometry": {
        "type": "Polygon",
        "coordinates": [
          [
            [
              366.9142143465654,
              118.39052376895638
            ],
            [
              366.0,
              119.0
            ],
            [
              362.0,
              120.0
            ],
            [
              360.0,
              120.0
            ],
            [
              356.0,
              119.0
            ],
            [
              350.0,
              116.0
            ],
            [
              346.0,
              113.0
            ],
            [
              339.0,
              106.0
            ],
            [
              337.0,
              103.0
            ],
            [
              335.0,
              99.0
            ],
            [
              335.0,
              93.0
            ],
            [
              336.0,
              91.0
            ],
            [
              343.0,
              84.0
            ],
            [
              346.0,
              82.0
            ],
            [
              350.0,
              80.0
            ],
            [
              354.03161333497917,
              78.65612888834028
            ],
            [
              349.3941684125206,
              71.08312498328237
            ],
            [
              326.8173524100446,
              62.5138480512593
            ],
            [
              315.0860833766179,
              128.54304168830896
            ],
            [
              318.0,
              130.0
            ],
            [
              323.0,
              135.0
            ],
            [
              324.0,
              137.0
            ],
            [
              324.0,
              143.0
            ],
            [
              323.0,
              145.0
            ],
            [
              320.0,
              148.0
            ],
            [
              317.0,
              150.0
            ],
            [
              311.0,
              152.0
            ],
            [
              310.91604863644267,
              152.01399189392623
            ],
            [
              308.16019209460427,
              167.52527074351073
            ],
            [
              316.6735366522189,
              172.82310092753312
            ],
            [
              363.91495811550317,
              169.97319729548104
            ],
            [
              366.9142143465654,
              118.39052376895638
            ]
          ]
        ]
      },
      "properties": {
        "province_id": 97,
        "city_name": "City 97",
        "city_location": [
          337,
          129
        ],
        "area": 3740.2414513517842,
        "is_coastal": true,
        "is_mountainous": true,
        "has_city": true
      }
    },
    {
      "type": "Feature",
      "geometry": {
        "type": "Polygon",
        "coordinates": [
          [
            [
              363.91495811550317,
              169.97319729548104
            ],
            [
              316.6735366522189,
              172.82310092753312
            ],
            [
              304.2852479558078,
              241.07131198895195
            ],
            [
              308.0,
              242.0
            ],
            [
              314.0,
              245.0
            ],
            [
              317.0,
              247.0
            ],
            [
              321.0,
              251.0
            ],
            [
              324.0,
              255.0
            ],
            [
              330.0,
              264.0
            ],
            [
              332.0,
              268.0
            ],
            [
              333.0,
              271.0
            ],
            [
              334.0,
              275.0
            ],
            [
              334.0,
              278.0
            ],
            [
              333.0,
              283.0
            ],
            [
              321.84882232951793,
              321.23260915593846
            ],
            [
              324.0282663474685,
              322.68701071519155
            ],
            [
              376.2749314133391,
              284.54681977452526
            ],
            [
              391.10784330816654,
              182.71245734836748
            ],
            [
              363.91495811550317,
              169.97319729548104
            ]
          ],
          [
            [
              359.0,
              246.0
            ],
            [
              353.0,
              244.0
            ],
            [
              351.0,
              243.0
            ],
            [
              345.0,
              239.0
            ],
            [
              335.0,
              232.0
            ],
            [
              327.0,
              226.0
            ],
            [
              322.0,
              221.0
            ],
            [
              321.0,
              219.0
            ],
            [
              321.0,
              215.0
            ],
            [
              324.0,
              212.0
            ],
            [
              326.0,
              211.0
            ],
            [
              330.0,
              210.0
            ],
            [
              350.0,
              210.0
            ],
            [
              357.0,
              211.0
            ],
            [
              362.0,
              212.0
            ],
            [
              365.0,
              213.0
            ],
            [
              369.0,
              215.0
            ],
            [
              372.0,
              217.0
            ],
            [
              374.0,
              219.0
            ],
            [
              376.0,
              222.0
            ],
            [
              377.0,
              225.0
            ],
            [
              377.0,
              230.0
            ],
            [
              376.0,
              234.0
            ],
            [
              374.0,
              238.0
            ],
            [
              368.0,
              244.0
            ],
            [
              366.0,
              245.0
            ],
            [
              363.0,
              246.0
            ],
            [
              359.0,
              246.0
            ]
          ]
        ]
      },
      "properties": {
        "province_id": 98,
        "city_name": "City 98",
        "city_location": [
          349,
          246
        ],
        "area": 6998.780791431398,
        "is_coastal": true,
        "is_mountainous": true,
        "has_city": true
      }
    },
    {
      "type": "Feature",
      "geometry": {
        "type": "Polygon",
        "coordinates": [
          [
            [
              391.10784330816654,
              182.71245734836748
            ],
            [
              376.2749314133391,
              284.54681977452526
            ],
            [
              384.85673884636503,
              285.0436783841773
            ],
            [
              446.01099135625736,
              269.2878881661751
            ],
            [
              448.0,
              249.0
            ],
            [
              449.0,
              244.0
            ],
            [
              451.0,
              238.0
            ],
            [
              453.0,
              235.0
            ],
            [
              456.281340477857,
              231.71865952214299
            ],
            [
              409.07355558427844,
              179.16724439145705
            ],
            [
              391.10784330816654,
              182.71245734836748
            ]
          ]
        ]
      },
      "properties": {
        "province_id": 99,
        "city_name": "City 99",
        "city_location": [
          412,
          236
        ],
        "area": 5461.967413645107,
        "is_coastal": false,
        "is_mountainous": true,
        "has_city": true
      }
    },
    {
      "type": "Feature",
      "geometry": {
        "type": "Polygon",
        "coordinates": [
          [
            [
              964.1154398231781,
              49.86986535396255
            ],
            [
              963.0,
              50.0
            ],
            [
              953.0,
              50.0
            ],
            [
              946.0,
              49.0
            ],
            [
              942.0,
              48.0
            ],
            [
              935.0,
              46.0
            ],
            [
              932.0,
              45.0
            ],
            [
              927.0,
              43.0
            ],
            [
              921.0,
              40.0
            ],
            [
              919.1666251595394,
              38.16662515953942
            ],
            [
              928.2729335465004,
              84.6487510492816
            ],
            [
              949.1902371155356,
              67.27526935073912
            ],
            [
              964.1154398231781,
              49.86986535396255
            ]
          ]
        ]
      },
      "properties": {
        "province_id": 100,
        "city_name": "City 100",
        "city_location": [
          937,
          59
        ],
        "area": 919.9714386764936,
        "is_coastal": true,
        "is_mountainous": false,
        "has_city": true
      }
    },
    {
      "type": "Feature",
      "geometry": {
        "type": "Polygon",
        "coordinates": [
          [
            [
              931.0798118018471,
              20.61345879876863
            ],
            [
              947.0,
              10.0
            ],
            [
              952.0,
              7.0
            ],
            [
              960.0,
              3.0
            ],
            [
              963.0,
              2.0
            ],
            [
              974.0,
              2.0
            ],
            [
              978.0,
              3.0
            ],
            [
              980.7124604583848,
              3.8438765870530633
            ],
            [
              992.0891169376985,
              0.0
            ],
            [
              916.0,
              0.0
            ],
            [
              911.0,
              5.0
            ],
            [
              906.8837753636165,
              7.058112318191788
            ],
            [
              916.6808919102928,
              25.47847965534788
            ],
            [
              931.0798118018471,
              20.61345879876863
            ]
          ]
        ]
      },
      "properties": {
        "province_id": 101,
        "city_name": "City 101",
        "city_location": [
          933,
          8
        ],
        "area": 850.7356238141496,
        "is_coastal": true,
        "is_mountainous": true,
        "has_city": true
      }
    },
    {
      "type": "Feature",
      "geometry": {
        "type": "Polygon",
        "coordinates": [
          [
            [
              801.928553175239,
              83.98213829380974
            ],
            [
              802.0,
              84.0
            ],
            [
              806.0,
              86.0
            ],
            [
              808.0,
              88.0
            ],
            [
              808.0,
              92.0
            ],
            [
              807.0,
              94.0
            ],
            [
              804.0,
              97.0
            ],
            [
              803.098055798802,
              97.60129613413203
            ],
            [
              830.5304542806828,
              112.38546084939154
            ],
            [
              901.557062626847,
              87.99362416855806
            ],
            [
              845.9639744907726,
              47.312156175444514
            ],
            [
              820.268094051742,
              47.64586890841893
            ],
            [
              801.928553175239,
              83.98213829380974
            ]
          ]
        ]
      },
      "properties": {
        "province_id": 102,
        "city_name": "City 102",
        "city_location": [
          843,
          80
        ],
        "area": 3861.0380078913026,
        "is_coastal": true,
        "is_mountainous": true,
        "has_city": true
      }
    },
    {
      "type": "Feature",
      "geometry": {
        "type": "Polygon",
        "coordinates": [
          [
            [
              1024.0,
              471.1408452841842
            ],
            [
              1024.0,
              532.5481220232493
            ],
            [
              1119.0085743385448,
              523.4892443727264
            ],
            [
              1024.0,
              471.1408452841842
            ]
          ]
        ]
      },
      "properties": {
        "province_id": 103,
        "city_name": null,
        "city_location": null,
        "area": 2917.1089084955315,
        "is_coastal": false,
        "is_mountainous": false,
        "has_city": false
      }
    },
    {
      "type": "Feature",
      "geometry": {
        "type": "Polygon",
        "coordinates": [
          [
            [
              994.1536729351515,
              535.3939096490537
            ],
            [
              972.3182149160573,
              567.1974106822643
            ],
            [
              978.8001043051281,
              606.798361755799
            ],
            [
              1024.0,
              603.9060647129385
            ],
            [
              1024.0,
              532.5481220232493
            ],
            [
              994.1536729351515,
              535.3939096490537
            ]
          ]
        ]
      },
      "properties": {
        "province_id": 104,
        "city_name": "City 104",
        "city_location": [
          1000,
          571
        ],
        "area": 3191.8454414922035,
        "is_coastal": false,
        "is_mountainous": false,
        "has_city": true
      }
    },
    {
      "type": "Feature",
      "geometry": {
        "type": "Polygon",
        "coordinates": [
          [
            [
              1024.0,
              532.5481220232493
            ],
            [
              1024.0,
              603.9060647129385
            ],
            [
              1599.0079148575192,
              567.111871580487
            ],
            [
              1119.0085743385448,
              523.4892443727264
            ],
            [
              1024.0,
              532.5481220232493
            ]
          ]
        ]
      },
      "properties": {
        "province_id": 105,
        "city_name": null,
        "city_location": null,
        "area": 24762.080376262376,
        "is_coastal": false,
        "is_mountainous": false,
        "has_city": false
      }
    },
    {
      "type": "Feature",
      "geometry": {
        "type": "Polygon",
        "coordinates": [
          [
            [
              914.0522930531323,
              581.0522930531323
            ],
            [
              917.0,
              584.0
            ],
            [
              918.0,
              586.0
            ],
            [
              918.0,
              591.0
            ],
            [
              913.0,
              596.0
            ],
            [
              905.0,
              600.0
            ],
            [
              896.0,
              603.0
            ],
            [
              886.3158348538537,
              605.4210412865366
            ],
            [
              883.6967123955835,
              634.4289965957415
            ],
            [
              957.6936322205947,
              650.6492421378159
            ],
            [
              978.8001043051281,
              606.798361755799
            ],
            [
              972.3182149160573,
              567.1974106822643
            ],
            [
              914.0522930531323,
              581.0522930531323
            ]
          ]
        ]
      },
      "properties": {
        "province_id": 106,
        "city_name": "City 106",
        "city_location": [
          936,
          610
        ],
        "area": 5221.470310659662,
        "is_coastal": false,
        "is_mountainous": true,
        "has_city": true
      }
    },
    {
      "type": "Feature",
      "geometry": {
        "type": "Polygon",
        "coordinates": [
          [
            [
              765.5436650257077,
              488.6451346775498
            ],
            [
              764.7619737914141,
              528.9849515066188
            ],
            [
              771.0,
              528.0
            ],
            [
              783.0,
              528.0
            ],
            [
              787.0,
              529.0
            ],
            [
              791.0,
              531.0
            ],
            [
              795.0,
              535.0
            ],
            [
              795.421981371714,
              535.8439627434279
            ],
            [
              830.6726399415995,
              537.5473260556712
            ],
            [
              830.7787342465296,
              536.1450445106051
            ],
            [
              765.5436650257077,
              488.6451346775498
            ]
          ]
        ]
      },
      "properties": {
        "province_id": 107,
        "city_name": "City 107",
        "city_location": [
          788,
          518
        ],
        "area": 1376.6538593491646,
        "is_coastal": false,
        "is_mountainous": true,
        "has_city": true
      }
    },
    {
      "type": "Feature",
      "geometry": {
        "type": "Polygon",
        "coordinates": [
          [
            [
              830.6726399415995,
              537.5473260556712
            ],
            [
              795.421981371714,
              535.8439627434279
            ],
            [
              796.0,
              537.0
            ],
            [
              796.0,
              540.0
            ],
            [
              795.0,
              543.0
            ],
            [
              794.0,
              545.0
            ],
            [
              791.0,
              548.0
            ],
            [
              787.0,
              550.0
            ],
            [
              784.0,
              551.0
            ],
            [
              783.8788234494504,
              551.0375476635505
            ],
            [
              781.7349446449905,
              569.2493191345284
            ],
            [
              790.0457572789716,
              575.0842034200278
            ],
            [
              830.9330499407981,
              541.9511214378217
            ],
            [
              830.6726399415995,
              537.5473260556712
            ]
          ]
        ]
      },
      "properties": {
        "province_id": 108,
        "city_name": "City 108",
        "city_location": [
          802,
          552
        ],
        "area": 1001.9265665337155,
        "is_coastal": false,
        "is_mountainous": true,
        "has_city": true
      }
    },
    {
      "type": "Feature",
      "geometry": {
        "type": "Polygon",
        "coordinates": [
          [
            [
              830.9330499407981,
              541.9511214378217
            ],
            [
              790.0457572789716,
              575.0842034200278
            ],
            [
              788.4085671490981,
              620.9360818156797
            ],
            [
              873.7778925690362,
              644.0962219849529
            ],
            [
              883.6967123955835,
              634.4289965957415
            ],
            [
              886.3158348538537,
              605.4210412865366
            ],
            [
              880.0,
              607.0
            ],
            [
              849.0,
              614.0
            ],
            [
              844.0,
              615.0
            ],
            [
              837.0,
              615.0
            ],
            [
              831.0,
              613.0
            ],
            [
              827.0,
              609.0
            ],
            [
              827.0,
              605.0
            ],
            [
              828.0,
              604.0
            ],
            [
              831.0,
              602.0
            ],
            [
              871.1155365411263,
              584.8076271966602
            ],
            [
              830.9330499407981,
              541.9511214378217
            ]
          ]
        ]
      },
      "properties": {
        "province_id": 109,
        "city_name": "City 109",
        "city_location": [
          832,
          597
        ],
        "area": 5467.038637900154,
        "is_coastal": false,
        "is_mountainous": true,
        "has_city": true
      }
    },
    {
      "type": "Feature",
      "geometry": {
        "type": "Polygon",
        "coordinates": [
          [
            [
              852.6013445678313,
              2665.880603156219
            ],
            [
              899.6474706823005,
              891.4996546822982
            ],
            [
              871.9976294531724,
              768.0
            ],
            [
              718.4596352617915,
              768.0
            ],
            [
              852.6013445678313,
              2665.880603156219
            ]
          ]
        ]
      },
      "properties": {
        "province_id": 110,
        "city_name": null,
        "city_location": null,
        "area": 173134.15642895224,
        "is_coastal": false,
        "is_mountainous": false,
        "has_city": false
      }
    },
    {
      "type": "Feature",
      "geometry": {
        "type": "Polygon",
        "coordinates": [
          [
            [
              718.4596352617915,
              768.0
            ],
            [
              871.9976294531724,
              768.0
            ],
            [
              859.2545882323777,
              711.0824510951429
            ],
            [
              780.7802702051731,
              696.2990689805335
            ],
            [
              741.0575092851353,
              740.9717502316748
            ],
            [
              739.0,
              752.0
            ],
            [
              738.0,
              756.0
            ],
            [
              734.0,
              764.0
            ],
            [
              732.0,
              767.0
            ],
            [
              718.3889555208832,
              767.0
            ],
            [
              718.4596352617915,
              768.0
            ]
          ],
          [
            [
              837.0,
              757.0
            ],
            [
              836.0,
              759.0
            ],
            [
              833.0,
              763.0
            ],
            [
              831.0,
              765.0
            ],
            [
              828.0,
              767.0
            ],
            [
              798.0,
              767.0
            ],
            [
              798.0,
              765.0
            ],
            [
              799.0,
              759.0
            ],
            [
              800.0,
              754.0
            ],
            [
              802.0,
              748.0
            ],
            [
              804.0,
              745.0
            ],
            [
              805.0,
              744.0
            ],
            [
              809.0,
              742.0
            ],
            [
              818.0,
              742.0
            ],
            [
              822.0,
              743.0
            ],
            [
              825.0,
              744.0
            ],
            [
              833.0,
              748.0
            ],
            [
              836.0,
              751.0
            ],
            [
              837.0,
              753.0
            ],
            [
              837.0,
              757.0
            ]
          ]
        ]
      },
      "properties": {
        "province_id": 111,
        "city_name": "City 111",
        "city_location": [
          803,
          735
        ],
        "area": 6679.0141232708,
        "is_coastal": true,
        "is_mountainous": true,
        "has_city": true
      }
    },
    {
      "type": "Feature",
      "geometry": {
        "type": "Polygon",
        "coordinates": [
          [
            [
              780.7802702051731,
              696.2990689805335
            ],
            [
              758.4800810236351,
              647.5867657133159
            ],
            [
              741.0575092851353,
              740.9717502316748
            ],
            [
              780.7802702051731,
              696.2990689805335
            ]
          ]
        ]
      },
      "properties": {
        "province_id": 112,
        "city_name": "City 112",
        "city_location": [
          760,
          694
        ],
        "area": 1465.5982098475297,
        "is_coastal": false,
        "is_mountainous": true,
        "has_city": true
      }
    },
    {
      "type": "Feature",
      "geometry": {
        "type": "Polygon",
        "coordinates": [
          [
            [
              666.7596249095023,
              102.8156086530468
            ],
            [
              671.998999423778,
              64.90682198332297
            ],
            [
              627.4063319709229,
              7.771977140369117
            ],
            [
              625.2026745489712,
              99.34517535135137
            ],
            [
              666.7596249095023,
              102.8156086530468
            ]
          ]
        ]
      },
      "properties": {
        "province_id": 113,
        "city_name": "City 113",
        "city_location": [
          645,
          66
        ],
        "area": 2901.4776329815086,
        "is_coastal": false,
        "is_mountainous": false,
        "has_city": true
      }
    },
    {
      "type": "Feature",
      "geometry": {
        "type": "Polygon",
        "coordinates": [
          [
            [
              595.006042882668,
              255.31751755026937
            ],
            [
              605.3734763151223,
              306.08428890024237
            ],
            [
              647.7334972272471,
              329.38409567908604
            ],
            [
              649.489187246423,
              263.67387516905137
            ],
            [
              649.0,
              264.0
            ],
            [
              647.0,
              265.0
            ],
            [
              644.0,
              266.0
            ],
            [
              640.0,
              267.0
            ],
            [
              637.0,
              267.0
            ],
            [
              633.0,
              266.0
            ],
            [
              595.3557865725437,
              250.61497364269175
            ],
            [
              595.006042882668,
              255.31751755026937
            ]
          ]
        ]
      },
      "properties": {
        "province_id": 114,
        "city_name": "City 114",
        "city_location": [
          624,
          288
        ],
        "area": 2690.166761647121,
        "is_coastal": false,
        "is_mountainous": true,
        "has_city": true
      }
    },
    {
      "type": "Feature",
      "geometry": {
        "type": "Polygon",
        "coordinates": [
          [
            [
              595.3557865725437,
              250.61497364269175
            ],
            [
              526.5579279357929,
              222.49758793897624
            ],
            [
              497.9416925826843,
              264.9784324997579
            ],
            [
              508.4233822255205,
              300.69467361848837
            ],
            [
              522.0413737831443,
              311.3706742657528
            ],
            [
              523.4996987722326,
              311.1038704153268
            ],
            [
              552.3582843080948,
              288.5895710770237
            ],
            [
              550.0,
              288.0
            ],
            [
              546.0,
              286.0
            ],
            [
              539.0,
              279.0
            ],
            [
              535.0,
              271.0
            ],
            [
              534.0,
              268.0
            ],
            [
              534.0,
              252.0
            ],
            [
              536.0,
              248.0
            ],
            [
              538.0,
              246.0
            ],
            [
              542.0,
              244.0
            ],
            [
              545.0,
              243.0
            ],
            [
              556.0,
              243.0
            ],
            [
              562.0,
              245.0
            ],
            [
              566.0,
              247.0
            ],
            [
              569.0,
              249.0
            ],
            [
              573.0,
              252.0
            ],
            [
              582.0,
              260.0
            ],
            [
              583.0,
              261.0
            ],
            [
              584.7431551170838,
              263.32420682277836
            ],
            [
              595.006042882668,
              255.31751755026937
            ],
            [
              595.3557865725437,
              250.61497364269175
            ]
          ]
        ]
      },
      "properties": {
        "province_id": 115,
        "city_name": "City 115",
        "city_location": [
          531,
          265
        ],
        "area": 3157.725233857914,
        "is_coastal": true,
        "is_mountainous": true,
        "has_city": true
      }
    },
    {
      "type": "Feature",
      "geometry": {
        "type": "Polygon",
        "coordinates": [
          [
            [
              598.9243577139102,
              202.6330858620817
            ],
            [
              563.0233358869984,
              182.50820243912756
            ],
            [
              553.0340522022602,
              183.19374151553117
            ],
            [
              539.6920256932272,
              203.0
            ],
            [
              598.8970691001333,
              203.0
            ],
            [
              598.9243577139102,
              202.6330858620817
            ]
          ]
        ]
      },
      "properties": {
        "province_id": 116,
        "city_name": "City 116",
        "city_location": [
          565,
          195
        ],
        "area": 707.8216954631428,
        "is_coastal": true,
        "is_mountainous": true,
        "has_city": true
      }
    },
    {
      "type": "Feature",
      "geometry": {
        "type": "Polygon",
        "coordinates": [
          [
            [
              595.006042882668,
              255.31751755026937
            ],
            [
              584.7431551170838,
              263.32420682277836
            ],
            [
              586.0,
              265.0
            ],
            [
              587.0,
              267.0
            ],
            [
              587.0,
              273.0
            ],
            [
              586.0,
              275.0
            ],
            [
              581.0,
              280.0
            ],
            [
              578.0,
              282.0
            ],
            [
              570.0,
              286.0
            ],
            [
              564.0,
              288.0
            ],
            [
              559.0,
              289.0
            ],
            [
              554.0,
              289.0
            ],
            [
              552.3582843080948,
              288.5895710770237
            ],
            [
              523.4996987722326,
              311.1038704153268
            ],
            [
              605.3734763151223,
              306.08428890024237
            ],
            [
              595.006042882668,
              255.31751755026937
            ]
          ]
        ]
      },
      "properties": {
        "province_id": 117,
        "city_name": "City 117",
        "city_location": [
          574,
          293
        ],
        "area": 1778.9738149145066,
        "is_coastal": true,
        "is_mountainous": false,
        "has_city": true
      }
    },
    {
      "type": "Feature",
      "geometry": {
        "type": "Polygon",
        "coordinates": [
          [
            [
              85.84708099105184,
              707.3463328727039
            ],
            [
              134.30469101620588,
              627.5219479297617
            ],
            [
              131.08821760460827,
              621.7597232844578
            ],
            [
              121.30086720870437,
              622.1989078152235
            ],
            [
              79.64066071655296,
              698.9931543654089
            ],
            [
              85.84708099105184,
              707.3463328727039
            ]
          ]
        ]
      },
      "properties": {
        "province_id": 118,
        "city_name": "City 118",
        "city_location": [
          107,
          660
        ],
        "area": 1089.193043310941,
        "is_coastal": false,
        "is_mountainous": false,
        "has_city": true
      }
    },
    {
      "type": "Feature",
      "geometry": {
        "type": "Polygon",
        "coordinates": [
          [
            [
              134.30469101620588,
              627.5219479297617
            ],
            [
              162.87796666231355,
              662.3265866998058
            ],
            [
              231.25166004025976,
              642.1369859943153
            ],
            [
              231.3689736873472,
              638.730460384307
            ],
            [
              176.5927397590027,
              595.4614533733288
            ],
            [
              132.19441733447778,
              619.1865968219761
            ],
            [
              131.08821760460827,
              621.7597232844578
            ],
            [
              134.30469101620588,
              627.5219479297617
            ]
          ],
          [
            [
              205.0,
              633.0
            ],
            [
              204.0,
              636.0
            ],
            [
              203.0,
              638.0
            ],
            [
              201.0,
              640.0
            ],
            [
              197.0,
              640.0
            ],
            [
              195.0,
              639.0
            ],
            [
              193.0,
              637.0
            ],
            [
              191.0,
              634.0
            ],
            [
              191.0,
              629.0
            ],
            [
              195.0,
              625.0
            ],
            [
              198.0,
              624.0
            ],
            [
              201.0,
              624.0
            ],
            [
              203.0,
              625.0
            ],
            [
              204.0,
              626.0
            ],
            [
              205.0,
              629.0
            ],
            [
              205.0,
              633.0
            ]
          ]
        ]
      },
      "properties": {
        "province_id": 119,
        "city_name": "City 119",
        "city_location": [
          176,
          630
        ],
        "area": 3474.6396724891865,
        "is_coastal": true,
        "is_mountainous": false,
        "has_city": true
      }
    },
    {
      "type": "Feature",
      "geometry": {
        "type": "Polygon",
        "coordinates": [
          [
            [
              159.68497680895226,
              692.0501478052083
            ],
            [
              221.79121097575188,
              749.7639130532966
            ],
            [
              230.4864875855273,
              714.3205951369998
            ],
            [
              242.01436053279957,
              654.0436563845376
            ],
            [
              231.25166004025976,
              642.1369859943153
            ],
            [
              162.87796666231355,
              662.3265866998058
            ],
            [
              159.68497680895226,
              692.0501478052083
            ]
          ]
        ]
      },
      "properties": {
        "province_id": 120,
        "city_name": "City 120",
        "city_location": [
          204,
          687
        ],
        "area": 5292.341576725591,
        "is_coastal": false,
        "is_mountainous": false,
        "has_city": true
      }
    },
    {
      "type": "Feature",
      "geometry": {
        "type": "Polygon",
        "coordinates": [
          [
            [
              132.19441733447778,
              619.1865968219761
            ],
            [
              176.5927397590027,
              595.4614533733288
            ],
            [
              182.6342973393066,
              586.0721886314005
            ],
            [
              153.2943606059187,
              554.4779828422386
            ],
            [
              127.90281153703037,
              560.4090882910695
            ],
            [
              132.19441733447778,
              619.1865968219761
            ]
          ]
        ]
      },
      "properties": {
        "province_id": 121,
        "city_name": "City 121",
        "city_location": [
          150,
          584
        ],
        "area": 2178.3096658813215,
        "is_coastal": false,
        "is_mountainous": false,
        "has_city": true
      }
    },
    {
      "type": "Feature",
      "geometry": {
        "type": "Polygon",
        "coordinates": [
          [
            [
              400.7491074563383,
              635.8678864923905
            ],
            [
              419.7414367682328,
              613.7718354317994
            ],
            [
              390.9529181080577,
              554.0
            ],
            [
              387.0,
              554.0
            ],
            [
              384.0,
              553.0
            ],
            [
              382.0,
              552.0
            ],
            [
              380.0,
              550.0
            ],
            [
              380.0,
              549.0
            ],
            [
              382.0,
              547.0
            ],
            [
              384.0,
              546.0
            ],
            [
              386.67097949235375,
              545.1096735025487
            ],
            [
              371.60032901475415,
              513.8194063363056
            ],
            [
              323.4754135518764,
              512.0687853825109
            ],
            [
              294.3666430181923,
              538.2313907721892
            ],
            [
              342.36861487513437,
              597.4562049583782
            ],
            [
              344.0,
              598.0
            ],
            [
              346.0,
              599.0
            ],
            [
              349.0,
              602.0
            ],
            [
              349.0,
              603.0
            ],
            [
              348.00001879659436,
              604.4042289239313
            ],
            [
              368.06685125929556,
              629.1626790028313
            ],
            [
              384.99562677773025,
              639.8815517287312
            ],
            [
              400.7491074563383,
              635.8678864923905
            ]
          ]
        ]
      },
      "properties": {
        "province_id": 122,
        "city_name": "City 122",
        "city_location": [
          360,
          570
        ],
        "area": 8489.959114355748,
        "is_coastal": true,
        "is_mountainous": true,
        "has_city": true
      }
    },
    {
      "type": "Feature",
      "geometry": {
        "type": "Polygon",
        "coordinates": [
          [
            [
              384.99562677773025,
              639.8815517287312
            ],
            [
              368.06685125929556,
              629.1626790028313
            ],
            [
              336.5553123708121,
              620.475518798434
            ],
            [
              302.0,
              669.0
            ],
            [
              298.0,
              672.0
            ],
            [
              295.3367597930413,
              673.3316201034794
            ],
            [
              308.07021300010456,
              679.1515355436738
            ],
            [
              331.77723147746747,
              688.8746368246939
            ],
            [
              384.99562677773025,
              639.8815517287312
            ]
          ]
        ]
      },
      "properties": {
        "province_id": 123,
        "city_name": "City 123",
        "city_location": [
          339,
          653
        ],
        "area": 3000.658320609174,
        "is_coastal": true,
        "is_mountainous": false,
        "has_city": true
      }
    },
    {
      "type": "Feature",
      "geometry": {
        "type": "Polygon",
        "coordinates": [
          [
            [
              310.9255112245293,
              767.0
            ],
            [
              280.0,
              767.0
            ],
            [
              279.0,
              766.0
            ],
            [
              250.0,
              734.0
            ],
            [
              249.0,
              732.0
            ],
            [
              249.0,
              731.0
            ],
            [
              251.0,
              729.0
            ],
            [
              304.0,
              712.0
            ],
            [
              317.0,
              712.0
            ],
            [
              319.0,
              713.0
            ],
            [
              322.0,
              715.0
            ],
            [
              323.8283667103212,
              718.6567334206424
            ],
            [
              331.77723147746747,
              688.8746368246939
            ],
            [
              308.07021300010456,
              679.1515355436738
            ],
            [
              230.4864875855273,
              714.3205951369998
            ],
            [
              221.79121097575188,
              749.7639130532966
            ],
            [
              228.25398082789323,
              768.0
            ],
            [
              310.6586104460184,
              768.0
            ],
            [
              310.9255112245293,
              767.0
            ]
          ]
        ]
      },
      "properties": {
        "province_id": 124,
        "city_name": "City 124",
        "city_location": [
          269,
          721
        ],
        "area": 4164.3772543679925,
        "is_coastal": false,
        "is_mountainous": true,
        "has_city": true
      }
    },
    {
      "type": "Feature",
      "geometry": {
        "type": "Polygon",
        "coordinates": [
          [
            [
              310.6586104460184,
              768.0
            ],
            [
              228.25398082789323,
              768.0
            ],
            [
              275.25860220460356,
              900.6335893020462
            ],
            [
              310.6586104460184,
              768.0
            ]
          ]
        ]
      },
      "properties": {
        "province_id": 125,
        "city_name": null,
        "city_location": null,
        "area": 5464.81090067882,
        "is_coastal": false,
        "is_mountainous": false,
        "has_city": false
      }
    },
    {
      "type": "Feature",
      "geometry": {
        "type": "Polygon",
        "coordinates": [
          [
            [
              294.3666430181923,
              538.2313907721892
            ],
            [
              266.5767192541736,
              546.0471187983759
            ],
            [
              262.14230403304316,
              580.9804673095524
            ],
            [
              297.96472223790795,
              609.2764583215691
            ],
            [
              301.0,
              607.0
            ],
            [
              317.0,
              599.0
            ],
            [
              323.0,
              597.0
            ],
            [
              327.0,
              596.0
            ],
            [
              337.0,
              596.0
            ],
            [
              341.0,
              597.0
            ],
            [
              342.36861487513437,
              597.4562049583782
            ],
            [
              294.3666430181923,
              538.2313907721892
            ]
          ],
          [
            [
              293.0,
              569.0
            ],
            [
              284.0,
              569.0
            ],
            [
              281.0,
              568.0
            ],
            [
              277.0,
              566.0
            ],
            [
              274.0,
              564.0
            ],
            [
              272.0,
              561.0
            ],
            [
              271.0,
              558.0
            ],
            [
              271.0,
              557.0
            ],
            [
              272.0,
              555.0
            ],
            [
              275.0,
              552.0
            ],
            [
              277.0,
              551.0
            ],
            [
              280.0,
              550.0
            ],
            [
              294.0,
              550.0
            ],
            [
              298.0,
              551.0
            ],
            [
              302.0,
              553.0
            ],
            [
              305.0,
              556.0
            ],
            [
              305.0,
              561.0
            ],
            [
              300.0,
              566.0
            ],
            [
              296.0,
              568.0
            ],
            [
              293.0,
              569.0
            ]
          ]
        ]
      },
      "properties": {
        "province_id": 126,
        "city_name": "City 126",
        "city_location": [
          296,
          577
        ],
        "area": 2607.199683279591,
        "is_coastal": true,
        "is_mountainous": true,
        "has_city": true
      }
    },
    {
      "type": "Feature",
      "geometry": {
        "type": "Polygon",
        "coordinates": [
          [
            [
              294.3666430181923,
              538.2313907721892
            ],
            [
              323.4754135518764,
              512.0687853825109
            ],
            [
              301.0079886188695,
              453.29000470902565
            ],
            [
              248.9022153736816,
              455.08923192347675
            ],
            [
              222.942789561972,
              515.3566832304398
            ],
            [
              266.5767192541736,
              546.0471187983759
            ],
            [
              294.3666430181923,
              538.2313907721892
            ]
          ]
        ]
      },
      "properties": {
        "province_id": 127,
        "city_name": "City 127",
        "city_location": [
          274,
          498
        ],
        "area": 6402.517699370524,
        "is_coastal": false,
        "is_mountainous": false,
        "has_city": true
      }
    },
    {
      "type": "Feature",
      "geometry": {
        "type": "Polygon",
        "coordinates": [
          [
            [
              266.5767192541736,
              546.0471187983759
            ],
            [
              222.942789561972,
              515.3566832304398
            ],
            [
              210.19400716725417,
              517.1272775097591
            ],
            [
              206.66569695408975,
              522.4657166088934
            ],
            [
              194.5152797286749,
              576.1144158969526
            ],
            [
              218.0,
              593.5438746787289
            ],
            [
              218.0,
              587.0
            ],
            [
              219.0,
              584.0
            ],
            [
              220.0,
              582.0
            ],
            [
              222.0,
              580.0
            ],
            [
              230.0,
              580.0
            ],
            [
              233.0,
              581.0
            ],
            [
              239.0,
              584.0
            ],
            [
              245.0,
              590.0
            ],
            [
              247.0,
              594.0
            ],
            [
              247.0,
              596.0
            ],
            [
              246.0,
              598.0
            ],
            [
              244.0,
              600.0
            ],
            [
              240.0,
              602.0
            ],
            [
              237.0,
              603.0
            ],
            [
              233.0,
              604.0
            ],
            [
              232.08874373934762,
              604.0
            ],
            [
              239.79957981531908,
              609.7226868366525
            ],
            [
              262.14230403304316,
              580.9804673095524
            ],
            [
              266.5767192541736,
              546.0471187983759
            ]
          ]
        ]
      },
      "properties": {
        "province_id": 128,
        "city_name": "City 128",
        "city_location": [
          230,
          557
        ],
        "area": 3910.5158032511763,
        "is_coastal": true,
        "is_mountainous": false,
        "has_city": true
      }
    },
    {
      "type": "Feature",
      "geometry": {
        "type": "Polygon",
        "coordinates": [
          [
            [
              262.14230403304316,
              580.9804673095524
            ],
            [
              239.79957981531908,
              609.7226868366525
            ],
            [
              231.3689736873472,
              638.730460384307
            ],
            [
              231.25166004025976,
              642.1369859943153
            ],
            [
              242.01436053279957,
              654.0436563845376
            ],
            [
              242.8369803889201,
              654.201421580346
            ],
            [
              288.3559621561573,
              622.7741154224476
            ],
            [
              295.0,
              612.0
            ],
            [
              297.0,
              610.0
            ],
            [
              297.96472223790795,
              609.2764583215691
            ],
            [
              262.14230403304316,
              580.9804673095524
            ]
          ]
        ]
      },
      "properties": {
        "province_id": 129,
        "city_name": "City 129",
        "city_location": [
          260,
          617
        ],
        "area": 2530.2270612427055,
        "is_coastal": true,
        "is_mountainous": false,
        "has_city": true
      }
    },
    {
      "type": "Feature",
      "geometry": {
        "type": "Polygon",
        "coordinates": [
          [
            [
              255.70982294216196,
              61.01773387166655
            ],
            [
              249.0707478554934,
              46.48458348009544
            ],
            [
              223.0,
              34.0
            ],
            [
              217.0,
              31.0
            ],
            [
              214.0,
              28.0
            ],
            [
              212.0,
              24.0
            ],
            [
              211.0,
              0.0
            ],
            [
              122.66935217532307,
              0.0
            ],
            [
              139.3586174019854,
              66.16853026603869
            ],
            [
              225.0,
              67.0
            ],
            [
              231.0,
              69.0
            ],
            [
              240.85727663064284,
              73.18187493421212
            ],
            [
              255.70982294216196,
              61.01773387166655
            ]
          ]
        ]
      },
      "properties": {
        "province_id": 130,
        "city_name": "City 130",
        "city_location": [
          182,
          36
        ],
        "area": 6606.381970305657,
        "is_coastal": true,
        "is_mountainous": true,
        "has_city": true
      }
    },
    {
      "type": "Feature",
      "geometry": {
        "type": "Polygon",
        "coordinates": [
          [
            [
              312.40676313104666,
              0.0
            ],
            [
              229.0,
              0.0
            ],
            [
              315.7389887892521,
              26.021696636775637
            ],
            [
              312.40676313104666,
              0.0
            ]
          ]
        ]
      },
      "properties": {
        "province_id": 131,
        "city_name": "City 131",
        "city_location": [
          285,
          8
        ],
        "area": 1085.1927438257496,
        "is_coastal": false,
        "is_mountainous": true,
        "has_city": true
      }
    },
    {
      "type": "Feature",
      "geometry": {
        "type": "Polygon",
        "coordinates": [
          [
            [
              240.0238235084306,
              170.8079995757578
            ],
            [
              282.72304838036035,
              247.23622344028087
            ],
            [
              283.0,
              247.0
            ],
            [
              286.0,
              245.0
            ],
            [
              292.0,
              242.0
            ],
            [
              296.0,
              241.0
            ],
            [
              304.0,
              241.0
            ],
            [
              304.2852479558078,
              241.07131198895195
            ],
            [
              316.6735366522189,
              172.82310092753312
            ],
            [
              308.16019209460427,
              167.52527074351073
            ],
            [
              290.726331323112,
              162.90897252590483
            ],
            [
              240.0238235084306,
              170.8079995757578
            ]
          ]
        ]
      },
      "properties": {
        "province_id": 132,
        "city_name": "City 132",
        "city_location": [
          283,
          197
        ],
        "area": 3929.731103025671,
        "is_coastal": true,
        "is_mountainous": false,
        "has_city": true
      }
    },
    {
      "type": "Feature",
      "geometry": {
        "type": "Polygon",
        "coordinates": [
          [
            [
              271.96754867995077,
              87.31169911996716
            ],
            [
              276.0,
              90.0
            ],
            [
              279.0,
              93.0
            ],
            [
              281.0,
              97.0
            ],
            [
              281.0,
              101.0
            ],
            [
              279.0,
              105.0
            ],
            [
              276.8822434723601,
              107.11775652763991
            ],
            [
              284.2381566681787,
              136.76184333182132
            ],
            [
              285.0,
              136.0
            ],
            [
              289.0,
              133.0
            ],
            [
              292.0,
              131.0
            ],
            [
              298.0,
              128.0
            ],
            [
              302.0,
              127.0
            ],
            [
              311.0,
              127.0
            ],
            [
              314.0,
              128.0
            ],
            [
              315.0860833766179,
              128.54304168830896
            ],
            [
              326.8173524100446,
              62.5138480512593
            ],
            [
              319.0911644724998,
              55.54511403666689
            ],
            [
              318.0,
              57.0
            ],
            [
              311.0,
              64.0
            ],
            [
              308.0,
              66.0
            ],
            [
              304.0,
              68.0
            ],
            [
              294.0,
              68.0
            ],
            [
              280.0691988625325,
              61.328912131353604
            ],
            [
              266.1490930521942,
              63.86351544733502
            ],
            [
              271.96754867995077,
              87.31169911996716
            ]
          ]
        ]
      },
      "properties": {
        "province_id": 133,
        "city_name": "City 133",
        "city_location": [
          298,
          93
        ],
        "area": 2982.410510786928,
        "is_coastal": true,
        "is_mountainous": true,
        "has_city": true
      }
    },
    {
      "type": "Feature",
      "geometry": {
        "type": "Polygon",
        "coordinates": [
          [
            [
              400.3226876801858,
              -123.31171880364417
            ],
            [
              356.7495373888573,
              0.0
            ],
            [
              413.62062005639945,
              0.0
            ],
            [
              400.3226876801858,
              -123.31171880364417
            ]
          ]
        ]
      },
      "properties": {
        "province_id": 134,
        "city_name": null,
        "city_location": null,
        "area": 3506.435476979381,
        "is_coastal": false,
        "is_mountainous": false,
        "has_city": false
      }
    },
    {
      "type": "Feature",
      "geometry": {
        "type": "Polygon",
        "coordinates": [
          [
            [
              413.62062005639945,
              0.0
            ],
            [
              356.7495373888573,
              0.0
            ],
            [
              347.98630386800806,
              24.799891229087432
            ],
            [
              389.8717701343513,
              18.378672959208643
            ],
            [
              414.0045694794118,
              3.5603627651178655
            ],
            [
              413.62062005639945,
              0.0
            ]
          ]
        ]
      },
      "properties": {
        "province_id": 135,
        "city_name": "City 135",
        "city_location": [
          377,
          10
        ],
        "area": 1059.6552016678813,
        "is_coastal": false,
        "is_mountainous": false,
        "has_city": true
      }
    },
    {
      "type": "Feature",
      "geometry": {
        "type": "Polygon",
        "coordinates": [
          [
            [
              414.0045694794118,
              3.5603627651178655
            ],
            [
              389.8717701343513,
              18.378672959208643
            ],
            [
              351.963162402433,
              69.7148481169794
            ],
            [
              438.17382686056146,
              49.319906431272656
            ],
            [
              414.0045694794118,
              3.5603627651178655
            ]
          ]
        ]
      },
      "properties": {
        "province_id": 136,
        "city_name": "City 136",
        "city_location": [
          399,
          39
        ],
        "area": 2557.51768273151,
        "is_coastal": false,
        "is_mountainous": false,
        "has_city": true
      }
    },
    {
      "type": "Feature",
      "geometry": {
        "type": "Polygon",
        "coordinates": [
          [
            [
              109.68267165746536,
              466.49030376069436
            ],
            [
              124.81755348943192,
              459.8483676178221
            ],
            [
              129.9837455647438,
              446.0492824557301
            ],
            [
              85.0,
              413.0
            ],
            [
              84.0,
              412.0
            ],
            [
              83.0,
              410.0
            ],
            [
              83.0,
              404.0
            ],
            [
              84.0,
              402.0
            ],
            [
              87.0,
              398.0
            ],
            [
              88.0,
              397.0
            ],
            [
              92.0,
              394.0
            ],
            [
              95.0,
              392.0
            ],
            [
              98.0,
              391.0
            ],
            [
              108.0,
              391.0
            ],
            [
              114.0,
              394.0
            ],
            [
              143.27534727437924,
              410.5469354159535
            ],
            [
              147.82668047698414,
              398.3901604551599
            ],
            [
              145.44989545380724,
              379.0660886674199
            ],
            [
              110.59077820342637,
              363.8914677690382
            ],
            [
              106.90687210888571,
              364.3768530067589
            ],
            [
              48.37680964170106,
              425.2481179726309
            ],
            [
              109.68267165746536,
              466.49030376069436
            ]
          ]
        ]
      },
      "properties": {
        "province_id": 137,
        "city_name": "City 137",
        "city_location": [
          74,
          420
        ],
        "area": 4034.688574307581,
        "is_coastal": true,
        "is_mountainous": true,
        "has_city": true
      }
    },
    {
      "type": "Feature",
      "geometry": {
        "type": "Polygon",
        "coordinates": [
          [
            [
              84.84951563368116,
              297.7501391331082
            ],
            [
              84.81651040788364,
              283.774418511789
            ],
            [
              57.26063293468114,
              280.36115890479783
            ],
            [
              34.860631254817314,
              334.70905311777403
            ],
            [
              40.0,
              327.0
            ],
            [
              42.0,
              325.0
            ],
            [
              44.0,
              324.0
            ],
            [
              51.0,
              324.0
            ],
            [
              72.00397601799435,
              330.00113600514123
            ],
            [
              84.84951563368116,
              297.7501391331082
            ]
          ]
        ]
      },
      "properties": {
        "province_id": 138,
        "city_name": "City 138",
        "city_location": [
          64,
          304
        ],
        "area": 1498.5884472698829,
        "is_coastal": false,
        "is_mountainous": true,
        "has_city": true
      }
    },
    {
      "type": "Feature",
      "geometry": {
        "type": "Polygon",
        "coordinates": [
          [
            [
              72.00397601799435,
              330.00113600514123
            ],
            [
              86.0,
              334.0
            ],
            [
              95.0,
              337.0
            ],
            [
              99.0,
              339.0
            ],
            [
              101.57024114334234,
              340.71349409556154
            ],
            [
              84.84951563368116,
              297.7501391331082
            ],
            [
              72.00397601799435,
              330.00113600514123
            ]
          ]
        ]
      },
      "properties": {
        "province_id": 139,
        "city_name": "City 139",
        "city_location": [
          86,
          322
        ],
        "area": 522.0121895562373,
        "is_coastal": false,
        "is_mountainous": true,
        "has_city": true
      }
    },
    {
      "type": "Feature",
      "geometry": {
        "type": "Polygon",
        "coordinates": [
          [
            [
              80.0,
              38.05520772557217
            ],
            [
              80.0,
              43.0
            ],
            [
              78.0,
              47.0
            ],
            [
              72.0,
              55.0
            ],
            [
              64.0,
              64.0
            ],
            [
              63.0,
              65.0
            ],
            [
              58.0,
              69.0
            ],
            [
              55.0,
              71.0
            ],
            [
              53.23275821451259,
              71.8836208927437
            ],
            [
              45.91097192484908,
              85.20444171456666
            ],
            [
              66.0,
              98.07375726976365
            ],
            [
              66.0,
              97.0
            ],
            [
              67.0,
              95.0
            ],
            [
              74.0,
              88.0
            ],
            [
              79.0,
              84.0
            ],
            [
              85.0,
              80.0
            ],
            [
              96.0,
              73.0
            ],
            [
              101.0,
              70.0
            ],
            [
              105.0,
              68.0
            ],
            [
              111.0,
              66.0
            ],
            [
              122.0,
              66.0
            ],
            [
              139.3586174019854,
              66.16853026603869
            ],
            [
              122.66935217532307,
              0.0
            ],
            [
              110.99936861257598,
              0.0
            ],
            [
              80.0,
              38.05520772557217
            ]
          ]
        ]
      },
      "properties": {
        "province_id": 140,
        "city_name": "City 140",
        "city_location": [
          98,
          49
        ],
        "area": 3924.738571438641,
        "is_coastal": true,
        "is_mountainous": true,
        "has_city": true
      }
    },
    {
      "type": "Feature",
      "geometry": {
        "type": "Polygon",
        "coordinates": [
          [
            [
              490.2923439952617,
              262.6624278839122
            ],
            [
              491.0,
              280.0
            ],
            [
              491.0,
              295.0
            ],
            [
              490.0,
              299.0
            ],
            [
              488.0,
              305.0
            ],
            [
              482.1807238796498,
              321.4879490076588
            ],
            [
              508.4233822255205,
              300.69467361848837
            ],
            [
              497.9416925826843,
              264.9784324997579
            ],
            [
              490.2923439952617,
              262.6624278839122
            ]
          ]
        ]
      },
      "properties": {
        "province_id": 141,
        "city_name": "City 141",
        "city_location": [
          496,
          291
        ],
        "area": 649.3595754666894,
        "is_coastal": false,
        "is_mountainous": true,
        "has_city": true
      }
    },
    {
      "type": "Feature",
      "geometry": {
        "type": "Polygon",
        "coordinates": [
          [
            [
              384.85673884636503,
              285.0436783841773
            ],
            [
              440.3229749149407,
              327.30565586760474
            ],
            [
              446.01099135625736,
              269.2878881661751
            ],
            [
              384.85673884636503,
              285.0436783841773
            ]
          ]
        ]
      },
      "properties": {
        "province_id": 142,
        "city_name": "City 142",
        "city_location": [
          423,
          293
        ],
        "area": 1729.2070111337855,
        "is_coastal": false,
        "is_mountainous": true,
        "has_city": true
      }
    },
    {
      "type": "Feature",
      "geometry": {
        "type": "Polygon",
        "coordinates": [
          [
            [
              508.4233822255205,
              300.69467361848837
            ],
            [
              482.1807238796498,
              321.4879490076588
            ],
            [
              476.0,
              339.0
            ],
            [
              475.0,
              341.0
            ],
            [
              473.0,
              344.0
            ],
            [
              468.0,
              349.0
            ],
            [
              465.0,
              351.0
            ],
            [
              460.0,
              353.0
            ],
            [
              457.0,
              354.0
            ],
            [
              455.80242968808085,
              354.2395140623838
            ],
            [
              501.51171860279413,
              410.0359562945855
            ],
            [
              552.460800202516,
              403.95195313437654
            ],
            [
              522.0413737831443,
              311.3706742657528
            ],
            [
              508.4233822255205,
              300.69467361848837
            ]
          ]
        ]
      },
      "properties": {
        "province_id": 143,
        "city_name": "City 143",
        "city_location": [
          507,
          361
        ],
        "area": 5898.71684220463,
        "is_coastal": false,
        "is_mountainous": true,
        "has_city": true
      }
    },
    {
      "type": "Feature",
      "geometry": {
        "type": "Polygon",
        "coordinates": [
          [
            [
              250.13808315871844,
              342.70712473807765
            ],
            [
              251.0,
              344.0
            ],
            [
              252.0,
              346.0
            ],
            [
              252.0,
              351.0
            ],
            [
              247.0,
              356.0
            ],
            [
              244.0,
              357.0
            ],
            [
              235.17653238183428,
              357.0
            ],
            [
              231.6270283417237,
              360.39086631082205
            ],
            [
              231.422473592735,
              376.26985609961025
            ],
            [
              239.10425330039988,
              381.00586540063364
            ],
            [
              317.5680209732341,
              356.7095885059158
            ],
            [
              323.22871332584845,
              352.68528471796105
            ],
            [
              328.934267054357,
              341.60135374908936
            ],
            [
              324.0282663474685,
              322.68701071519155
            ],
            [
              321.84882232951793,
              321.23260915593846
            ],
            [
              319.0,
              331.0
            ],
            [
              318.0,
              334.0
            ],
            [
              315.0,
              340.0
            ],
            [
              311.0,
              344.0
            ],
            [
              309.0,
              345.0
            ],
            [
              304.0,
              345.0
            ],
            [
              302.0,
              344.0
            ],
            [
              273.8691419378606,
              320.03667646558495
            ],
            [
              250.13808315871844,
              342.70712473807765
            ]
          ]
        ]
      },
      "properties": {
        "province_id": 144,
        "city_name": "City 144",
        "city_location": [
          276,
          351
        ],
        "area": 2865.9800351571876,
        "is_coastal": true,
        "is_mountainous": true,
        "has_city": true
      }
    },
    {
      "type": "Feature",
      "geometry": {
        "type": "Polygon",
        "coordinates": [
          [
            [
              241.8286211305169,
              283.7681367555729
            ],
            [
              209.85548525611622,
              305.71387131402906
            ],
            [
              211.0,
              306.0
            ],
            [
              214.0,
              307.0
            ],
            [
              216.0,
              308.0
            ],
            [
              219.0,
              310.0
            ],
            [
              231.0,
              322.0
            ],
            [
              249.0,
              341.0
            ],
            [
              250.13808315871844,
              342.70712473807765
            ],
            [
              273.8691419378606,
              320.03667646558495
            ],
            [
              248.0,
              298.0
            ],
            [
              244.0,
              294.0
            ],
            [
              242.0,
              290.0
            ],
            [
              242.0,
              285.0
            ],
            [
              242.4893379531895,
              284.021324093621
            ],
            [
              241.8286211305169,
              283.7681367555729
            ]
          ]
        ]
      },
      "properties": {
        "province_id": 145,
        "city_name": "City 145",
        "city_location": [
          243,
          313
        ],
        "area": 1589.2360232558322,
        "is_coastal": true,
        "is_mountainous": true,
        "has_city": true
      }
    },
    {
      "type": "Feature",
      "geometry": {
        "type": "Polygon",
        "coordinates": [
          [
            [
              166.71519274887495,
              335.32452357713987
            ],
            [
              166.0454433460331,
              340.3677163141796
            ],
            [
              207.88321974783744,
              360.0635733976203
            ],
            [
              231.6270283417237,
              360.39086631082205
            ],
            [
              235.17653238183428,
              357.0
            ],
            [
              232.0,
              357.0
            ],
            [
              228.0,
              356.0
            ],
            [
              213.0,
              351.0
            ],
            [
              206.0,
              348.0
            ],
            [
              204.0,
              347.0
            ],
            [
              198.0,
              343.0
            ],
            [
              196.0,
              341.0
            ],
            [
              194.0,
              338.0
            ],
            [
              193.0,
              336.0
            ],
            [
              192.0,
              330.0
            ],
            [
              193.0,
              323.0
            ],
            [
              194.0,
              319.0
            ],
            [
              195.0,
              316.0
            ],
            [
              195.06821945913092,
              315.86356108173817
            ],
            [
              166.71519274887495,
              335.32452357713987
            ]
          ]
        ]
      },
      "properties": {
        "province_id": 146,
        "city_name": "City 146",
        "city_location": [
          193,
          342
        ],
        "area": 900.2827084987074,
        "is_coastal": false,
        "is_mountainous": true,
        "has_city": true
      }
    },
    {
      "type": "Feature",
      "geometry": {
        "type": "Polygon",
        "coordinates": [
          [
            [
              145.44989545380724,
              379.0660886674199
            ],
            [
              147.82668047698414,
              398.3901604551599
            ],
            [
              184.05540368546164,
              401.83378894361505
            ],
            [
              185.0,
              399.0
            ],
            [
              187.0,
              394.0
            ],
            [
              190.0,
              388.0
            ],
            [
              192.0,
              385.0
            ],
            [
              196.0,
              381.0
            ],
            [
              198.0,
              380.0
            ],
            [
              200.0,
              380.0
            ],
            [
              203.0,
              381.0
            ],
            [
              207.0,
              385.0
            ],
            [
              209.0,
              388.0
            ],
            [
              209.51887051305846,
              389.5566115391754
            ],
            [
              207.88321974783744,
              360.0635733976203
            ],
            [
              166.0454433460331,
              340.3677163141796
            ],
            [
              145.44989545380724,
              379.0660886674199
            ]
          ]
        ]
      },
      "properties": {
        "province_id": 147,
        "city_name": "City 147",
        "city_location": [
          175,
          373
        ],
        "area": 2564.058140758248,
        "is_coastal": true,
        "is_mountainous": false,
        "has_city": true
      }
    },
    {
      "type": "Feature",
      "geometry": {
        "type": "Polygon",
        "coordinates": [
          [
            [
              846.1592418374125,
              155.4203790812937
            ],
            [
              847.0,
              155.0
            ],
            [
              849.728047394951,
              154.86010013359225
            ],
            [
              931.6814482648995,
              102.93668347523294
            ],
            [
              926.5624364275953,
              91.94018858582767
            ],
            [
              901.557062626847,
              87.99362416855806
            ],
            [
              830.5304542806828,
              112.38546084939154
            ],
            [
              846.1592418374125,
              155.4203790812937
            ]
          ]
        ]
      },
      "properties": {
        "province_id": 148,
        "city_name": "City 148",
        "city_location": [
          876,
          116
        ],
        "area": 3344.9845903865835,
        "is_coastal": false,
        "is_mountainous": true,
        "has_city": true
      }
    },
    {
      "type": "Feature",
      "geometry": {
        "type": "Polygon",
        "coordinates": [
          [
            [
              1599.0079148575192,
              567.111871580487
            ],
            [
              1024.0,
              603.9060647129385
            ],
            [
              1024.0,
              676.1840310479321
            ],
            [
              1708.6808642404003,
              574.1614512443098
            ],
            [
              1599.0079148575192,
              567.111871580487
            ]
          ]
        ]
      },
      "properties": {
        "province_id": 149,
        "city_name": null,
        "city_location": null,
        "area": 28788.116119948994,
        "is_coastal": false,
        "is_mountainous": false,
        "has_city": false
      }
    },
    {
      "type": "Feature",
      "geometry": {
        "type": "Polygon",
        "coordinates": [
          [
            [
              1023.0,
              676.3330385419808
            ],
            [
              1023.0,
              684.0
            ],
            [
              1020.0,
              684.0
            ],
            [
              1014.0,
              682.0
            ],
            [
              1011.0,
              680.0
            ],
            [
              1009.3647874020273,
              678.3647874020273
            ],
            [
              990.1993798742571,
              681.2205767501641
            ],
            [
              969.0917070215978,
              730.2366828086391
            ],
            [
              1006.0,
              745.0
            ],
            [
              1009.0,
              747.0
            ],
            [
              1012.0,
              750.0
            ],
            [
              1012.0,
              755.0
            ],
            [
              1011.0,
              757.0
            ],
            [
              1009.0,
              759.0
            ],
            [
              1003.0,
              762.0
            ],
            [
              997.0,
              763.0
            ],
            [
              956.281771558104,
              759.9838349302299
            ],
            [
              952.8297921286535,
              768.0
            ],
            [
              1024.0,
              768.0
            ],
            [
              1024.0,
              676.1840310479321
            ],
            [
              1023.0,
              676.3330385419808
            ]
          ]
        ]
      },
      "properties": {
        "province_id": 150,
        "city_name": "City 150",
        "city_location": [
          1000,
          721
        ],
        "area": 3407.908292810319,
        "is_coastal": true,
        "is_mountainous": false,
        "has_city": true
      }
    },
    {
      "type": "Feature",
      "geometry": {
        "type": "Polygon",
        "coordinates": [
          [
            [
              1009.3647874020273,
              678.3647874020273
            ],
            [
              1009.0,
              678.0
            ],
            [
              1007.0,
              674.0
            ],
            [
              1007.0,
              670.0
            ],
            [
              1008.0,
              668.0
            ],
            [
              1010.0,
              666.0
            ],
            [
              1019.0,
              666.0
            ],
            [
              1023.0,
              667.0
            ],
            [
              1023.0,
              676.3330385419808
            ],
            [
              1024.0,
              676.1840310479321
            ],
            [
              1024.0,
              603.9060647129385
            ],
            [
              978.8001043051281,
              606.798361755799
            ],
            [
              957.6936322205947,
              650.6492421378159
            ],
            [
              990.1993798742571,
              681.2205767501641
            ],
            [
              1009.3647874020273,
              678.3647874020273
            ]
          ]
        ]
      },
      "properties": {
        "province_id": 151,
        "city_name": "City 151",
        "city_location": [
          995,
          640
        ],
        "area": 3783.0837763059503,
        "is_coastal": true,
        "is_mountainous": false,
        "has_city": true
      }
    },
    {
      "type": "Feature",
      "geometry": {
        "type": "Polygon",
        "coordinates": [
          [
            [
              957.6936322205947,
              650.6492421378159
            ],
            [
              883.6967123955835,
              634.4289965957415
            ],
            [
              873.7778925690362,
              644.0962219849529
            ],
            [
              871.3377424490571,
              655.3509923327443
            ],
            [
              875.0,
              656.0
            ],
            [
              878.0,
              657.0
            ],
            [
              880.0,
              658.0
            ],
            [
              885.0,
              663.0
            ],
            [
              886.0,
              665.0
            ],
            [
              888.0,
              670.0
            ],
            [
              890.0,
              678.0
            ],
            [
              891.0,
              683.0
            ],
            [
              891.0,
              693.0
            ],
            [
              890.0,
              694.0
            ],
            [
              888.0,
              695.0
            ],
            [
              887.0,
              695.0
            ],
            [
              863.2735808453101,
              692.5455428460666
            ],
            [
              859.2545882323777,
              711.0824510951429
            ],
            [
              871.9976294531724,
              768.0
            ],
            [
              952.8297921286535,
              768.0
            ],
            [
              956.281771558104,
              759.9838349302299
            ],
            [
              916.0,
              757.0
            ],
            [
              912.0,
              756.0
            ],
            [
              909.0,
              755.0
            ],
            [
              903.0,
              752.0
            ],
            [
              899.0,
              749.0
            ],
            [
              896.0,
              746.0
            ],
            [
              894.0,
              743.0
            ],
            [
              892.0,
              737.0
            ],
            [
              892.0,
              728.0
            ],
            [
              894.0,
              720.0
            ],
            [
              896.0,
              715.0
            ],
            [
              897.0,
              713.0
            ],
            [
              901.0,
              709.0
            ],
            [
              903.0,
              708.0
            ],
            [
              906.0,
              708.0
            ],
            [
              911.0,
              709.0
            ],
            [
              938.0,
              718.0
            ],
            [
              946.0,
              721.0
            ],
            [
              969.0917070215978,
              730.2366828086391
            ],
            [
              990.1993798742571,
              681.2205767501641
            ],
            [
              957.6936322205947,
              650.6492421378159
            ]
          ],
          [
            [
              951.0,
              690.0
            ],
            [
              939.0,
              686.0
            ],
            [
              934.0,
              684.0
            ],
            [
              926.0,
              680.0
            ],
            [
              921.0,
              675.0
            ],
            [
              919.0,
              671.0
            ],
            [
              919.0,
              665.0
            ],
            [
              920.0,
              663.0
            ],
            [
              923.0,
              660.0
            ],
            [
              929.0,
              657.0
            ],
            [
              933.0,
              656.0
            ],
            [
              940.0,
              655.0
            ],
            [
              952.0,
              655.0
            ],
            [
              956.0,
              656.0
            ],
            [
              959.0,
              657.0
            ],
            [
              963.0,
              659.0
            ],
            [
              967.0,
              662.0
            ],
            [
              968.0,
              663.0
            ],
            [
              970.0,
              666.0
            ],
            [
              973.0,
              672.0
            ],
            [
              974.0,
              677.0
            ],
            [
              974.0,
              682.0
            ],
            [
              973.0,
              686.0
            ],
            [
              972.0,
              688.0
            ],
            [
              969.0,
              691.0
            ],
            [
              967.0,
              692.0
            ],
            [
              959.0,
              692.0
            ],
            [
              951.0,
              690.0
            ]
          ]
        ]
      },
      "properties": {
        "province_id": 152,
        "city_name": "City 152",
        "city_location": [
          913,
          700
        ],
        "area": 8050.688773805894,
        "is_coastal": true,
        "is_mountainous": true,
        "has_city": true
      }
    },
    {
      "type": "Feature",
      "geometry": {
        "type": "Polygon",
        "coordinates": [
          [
            [
              952.8297921286535,
              768.0
            ],
            [
              871.9976294531724,
              768.0
            ],
            [
              899.6474706823005,
              891.4996546822982
            ],
            [
              952.8297921286535,
              768.0
            ]
          ]
        ]
      },
      "properties": {
        "province_id": 153,
        "city_name": null,
        "city_location": null,
        "area": 4991.372088822634,
        "is_coastal": false,
        "is_mountainous": false,
        "has_city": false
      }
    },
    {
      "type": "Feature",
      "geometry": {
        "type": "Polygon",
        "coordinates": [
          [
            [
              760.8897106358432,
              634.6711509918803
            ],
            [
              758.4800810236351,
              647.5867657133159
            ],
            [
              780.7802702051731,
              696.2990689805335
            ],
            [
              859.2545882323777,
              711.0824510951429
            ],
            [
              863.2735808453101,
              692.5455428460666
            ],
            [
              800.0,
              686.0
            ],
            [
              796.0,
              685.0
            ],
            [
              791.0,
              683.0
            ],
            [
              783.0,
              679.0
            ],
            [
              777.0,
              675.0
            ],
            [
              770.0,
              668.0
            ],
            [
              768.0,
              664.0
            ],
            [
              768.0,
              659.0
            ],
            [
              770.0,
              655.0
            ],
            [
              778.0,
              647.0
            ],
            [
              784.0,
              644.0
            ],
            [
              787.0,
              643.0
            ],
            [
              792.0,
              642.0
            ],
            [
              796.0,
              642.0
            ],
            [
              871.3377424490571,
              655.3509923327443
            ],
            [
              873.7778925690362,
              644.0962219849529
            ],
            [
              788.4085671490981,
              620.9360818156797
            ],
            [
              760.8897106358432,
              634.6711509918803
            ]
          ]
        ]
      },
      "properties": {
        "province_id": 154,
        "city_name": "City 154",
        "city_location": [
          767,
          666
        ],
        "area": 3451.807949021379,
        "is_coastal": true,
        "is_mountainous": true,
        "has_city": true
      }
    },
    {
      "type": "Feature",
      "geometry": {
        "type": "Polygon",
        "coordinates": [
          [
            [
              239.79957981531908,
              609.7226868366525
            ],
            [
              232.08874373934762,
              604.0
            ],
            [
              224.0,
              604.0
            ],
            [
              222.0,
              603.0
            ],
            [
              219.0,
              600.0
            ],
            [
              218.0,
              597.0
            ],
            [
              218.0,
              593.5438746787289
            ],
            [
              194.5152797286749,
              576.1144158969526
            ],
            [
              182.6342973393066,
              586.0721886314005
            ],
            [
              176.5927397590027,
              595.4614533733288
            ],
            [
              231.3689736873472,
              638.730460384307
            ],
            [
              239.79957981531908,
              609.7226868366525
            ]
          ]
        ]
      },
      "properties": {
        "province_id": 155,
        "city_name": "City 155",
        "city_location": [
          209,
          605
        ],
        "area": 1682.131368442111,
        "is_coastal": true,
        "is_mountainous": false,
        "has_city": true
      }
    },
    {
      "type": "Feature",
      "geometry": {
        "type": "Polygon",
        "coordinates": [
          [
            [
              194.5152797286749,
              576.1144158969526
            ],
            [
              206.66569695408975,
              522.4657166088934
            ],
            [
              153.2943606059187,
              554.4779828422386
            ],
            [
              182.6342973393066,
              586.0721886314005
            ],
            [
              194.5152797286749,
              576.1144158969526
            ]
          ]
        ]
      },
      "properties": {
        "province_id": 156,
        "city_name": "City 156",
        "city_location": [
          183,
          555
        ],
        "area": 1570.9355039499765,
        "is_coastal": false,
        "is_mountainous": false,
        "has_city": true
      }
    },
    {
      "type": "Feature",
      "geometry": {
        "type": "Polygon",
        "coordinates": [
          [
            [
              222.942789561972,
              515.3566832304398
            ],
            [
              248.9022153736816,
              455.08923192347675
            ],
            [
              241.61347080474195,
              442.07222598357293
            ],
            [
              234.89629041933955,
              436.48392623585426
            ],
            [
              125.23446740112739,
              460.0258854845682
            ],
            [
              185.5927434546825,
              500.5927434546825
            ],
            [
              184.0,
              499.0
            ],
            [
              183.0,
              497.0
            ],
            [
              183.0,
              494.0
            ],
            [
              184.0,
              493.0
            ],
            [
              188.0,
              491.0
            ],
            [
              203.0,
              491.0
            ],
            [
              206.0,
              492.0
            ],
            [
              209.0,
              494.0
            ],
            [
              210.0,
              496.0
            ],
            [
              211.0,
              499.0
            ],
            [
              210.0,
              502.0
            ],
            [
              209.0,
              504.0
            ],
            [
              205.0,
              506.0
            ],
            [
              198.0,
              506.0
            ],
            [
              194.0,
              505.0
            ],
            [
              186.77593394888999,
              501.38796697444496
            ],
            [
              210.19400716725417,
              517.1272775097591
            ],
            [
              222.942789561972,
              515.3566832304398
            ]
          ],
          [
            [
              202.0,
              449.0
            ],
            [
              204.0,
              449.0
            ],
            [
              205.0,
              450.0
            ],
            [
              205.0,
              453.0
            ],
            [
              204.0,
              455.0
            ],
            [
              203.0,
              456.0
            ],
            [
              201.0,
              457.0
            ],
            [
              197.0,
              457.0
            ],
            [
              195.0,
              455.0
            ],
            [
              196.0,
              453.0
            ],
            [
              198.0,
              451.0
            ],
            [
              202.0,
              449.0
            ]
          ]
        ]
      },
      "properties": {
        "province_id": 157,
        "city_name": "City 157",
        "city_location": [
          199,
          471
        ],
        "area": 4916.135963705063,
        "is_coastal": true,
        "is_mountainous": true,
        "has_city": true
      }
    },
    {
      "type": "Feature",
      "geometry": {
        "type": "Polygon",
        "coordinates": [
          [
            [
              308.07021300010456,
              679.1515355436738
            ],
            [
              295.3367597930413,
              673.3316201034794
            ],
            [
              288.0,
              677.0
            ],
            [
              283.0,
              679.0
            ],
            [
              280.0,
              680.0
            ],
            [
              276.0,
              681.0
            ],
            [
              264.0,
              681.0
            ],
            [
              260.0,
              679.0
            ],
            [
              258.0,
              677.0
            ],
            [
              258.0,
              672.0
            ],
            [
              264.37243973305306,
              661.6663139464005
            ],
            [
              242.8369803889201,
              654.201421580346
            ],
            [
              242.01436053279957,
              654.0436563845376
            ],
            [
              230.4864875855273,
              714.3205951369998
            ],
            [
              308.07021300010456,
              679.1515355436738
            ]
          ]
        ]
      },
      "properties": {
        "province_id": 158,
        "city_name": "City 158",
        "city_location": [
          257,
          684
        ],
        "area": 1747.646960085971,
        "is_coastal": true,
        "is_mountainous": false,
        "has_city": true
      }
    },
    {
      "type": "Feature",
      "geometry": {
        "type": "Polygon",
        "coordinates": [
          [
            [
              326.8173524100446,
              62.5138480512593
            ],
            [
              349.3941684125206,
              71.08312498328237
            ],
            [
              351.963162402433,
              69.7148481169794
            ],
            [
              389.8717701343513,
              18.378672959208643
            ],
            [
              347.98630386800806,
              24.799891229087432
            ],
            [
              326.88229519289496,
              43.23540961421006
            ],
            [
              324.0,
              49.0
            ],
            [
              319.0911644724998,
              55.54511403666689
            ],
            [
              326.8173524100446,
              62.5138480512593
            ]
          ]
        ]
      },
      "properties": {
        "province_id": 159,
        "city_name": "City 159",
        "city_location": [
          351,
          43
        ],
        "area": 1803.0677838370611,
        "is_coastal": false,
        "is_mountainous": true,
        "has_city": true
      }
    },
    {
      "type": "Feature",
      "geometry": {
        "type": "Polygon",
        "coordinates": [
          [
            [
              347.98630386800806,
              24.799891229087432
            ],
            [
              356.7495373888573,
              0.0
            ],
            [
              312.40676313104666,
              0.0
            ],
            [
              315.7389887892521,
              26.021696636775637
            ],
            [
              319.0,
              27.0
            ],
            [
              322.0,
              28.0
            ],
            [
              324.0,
              29.0
            ],
            [
              327.0,
              32.0
            ],
            [
              328.0,
              34.0
            ],
            [
              328.0,
              41.0
            ],
            [
              326.88229519289496,
              43.23540961421006
            ],
            [
              347.98630386800806,
              24.799891229087432
            ]
          ]
        ]
      },
      "properties": {
        "province_id": 160,
        "city_name": "City 160",
        "city_location": [
          333,
          15
        ],
        "area": 1173.304503718635,
        "is_coastal": false,
        "is_mountainous": true,
        "has_city": true
      }
    },
    {
      "type": "Feature",
      "geometry": {
        "type": "Polygon",
        "coordinates": [
          [
            [
              454.2733690828447,
              595.7762507332402
            ],
            [
              453.5084494262094,
              512.8530373266834
            ],
            [
              424.59680947987357,
              491.4419143120759
            ],
            [
              422.0,
              493.0
            ],
            [
              418.0,
              495.0
            ],
            [
              415.0,
              496.0
            ],
            [
              411.0,
              497.0
            ],
            [
              405.0,
              497.0
            ],
            [
              401.0,
              496.0
            ],
            [
              395.0,
              493.0
            ],
            [
              391.0,
              490.0
            ],
            [
              390.92430923973853,
              489.92430923973853
            ],
            [
              380.7811754211504,
              498.60739122533187
            ],
            [
              371.60032901475415,
              513.8194063363056
            ],
            [
              386.67097949235375,
              545.1096735025487
            ],
            [
              387.0,
              545.0
            ],
            [
              434.0,
              531.0
            ],
            [
              442.0,
              531.0
            ],
            [
              445.0,
              532.0
            ],
            [
              448.0,
              535.0
            ],
            [
              449.0,
              537.0
            ],
            [
              450.0,
              540.0
            ],
            [
              449.0,
              544.0
            ],
            [
              445.0,
              548.0
            ],
            [
              441.0,
              550.0
            ],
            [
              438.0,
              551.0
            ],
            [
              433.0,
              552.0
            ],
            [
              404.0,
              554.0
            ],
            [
              390.9529181080577,
              554.0
            ],
            [
              419.7414367682328,
              613.7718354317994
            ],
            [
              428.83035238905967,
              610.5791753023083
            ],
            [
              454.2733690828447,
              595.7762507332402
            ]
          ]
        ]
      },
      "properties": {
        "province_id": 161,
        "city_name": "City 161",
        "city_location": [
          444,
          551
        ],
        "area": 5818.433677300106,
        "is_coastal": true,
        "is_mountainous": true,
        "has_city": true
      }
    },
    {
      "type": "Feature",
      "geometry": {
        "type": "Polygon",
        "coordinates": [
          [
            [
              552.460800202516,
              403.95195313437654
            ],
            [
              501.51171860279413,
              410.0359562945855
            ],
            [
              453.45708197880055,
              437.53293471708895
            ],
            [
              472.8271715736217,
              467.4178573890252
            ],
            [
              581.4866470641826,
              473.2941787556317
            ],
            [
              575.7833585215111,
              425.0
            ],
            [
              571.0,
              425.0
            ],
            [
              568.0,
              424.0
            ],
            [
              566.0,
              423.0
            ],
            [
              562.0,
              420.0
            ],
            [
              561.0,
              419.0
            ],
            [
              558.0,
              415.0
            ],
            [
              554.0,
              407.0
            ],
            [
              553.4049787217537,
              404.6199148870145
            ],
            [
              552.460800202516,
              403.95195313437654
            ]
          ]
        ]
      },
      "properties": {
        "province_id": 162,
        "city_name": "City 162",
        "city_location": [
          522,
          441
        ],
        "area": 6433.624958951747,
        "is_coastal": true,
        "is_mountainous": false,
        "has_city": true
      }
    },
    {
      "type": "Feature",
      "geometry": {
        "type": "Polygon",
        "coordinates": [
          [
            [
              143.27534727437924,
              410.5469354159535
            ],
            [
              160.0,
              420.0
            ],
            [
              163.0,
              423.0
            ],
            [
              163.0,
              426.0
            ],
            [
              162.0,
              429.0
            ],
            [
              161.0,
              431.0
            ],
            [
              157.0,
              437.0
            ],
            [
              151.0,
              443.0
            ],
            [
              147.0,
              446.0
            ],
            [
              141.0,
              449.0
            ],
            [
              134.0,
              449.0
            ],
            [
              129.9837455647438,
              446.0492824557301
            ],
            [
              124.81755348943192,
              459.8483676178221
            ],
            [
              125.23446740112739,
              460.0258854845682
            ],
            [
              234.89629041933955,
              436.48392623585426
            ],
            [
              224.78210271614861,
              417.7802085154695
            ],
            [
              212.82879457990185,
              405.2399272445723
            ],
            [
              210.3382993036186,
              404.33204226568074
            ],
            [
              203.0422040681065,
              403.6385306212623
            ],
            [
              201.0,
              405.0
            ],
            [
              195.0,
              408.0
            ],
            [
              192.0,
              409.0
            ],
            [
              184.0,
              409.0
            ],
            [
              183.0,
              407.0
            ],
            [
              183.0,
              406.0
            ],
            [
              184.0,
              402.0
            ],
            [
              184.05540368546164,
              401.83378894361505
            ],
            [
              147.82668047698414,
              398.3901604551599
            ],
            [
              143.27534727437924,
              410.5469354159535
            ]
          ]
        ]
      },
      "properties": {
        "province_id": 163,
        "city_name": "City 163",
        "city_location": [
          182,
          426
        ],
        "area": 3306.1302787470136,
        "is_coastal": true,
        "is_mountainous": false,
        "has_city": true
      }
    },
    {
      "type": "Feature",
      "geometry": {
        "type": "Polygon",
        "coordinates": [
          [
            [
              207.88321974783744,
              360.0635733976203
            ],
            [
              209.51887051305846,
              389.5566115391754
            ],
            [
              210.0,
              391.0
            ],
            [
              210.0,
              395.0
            ],
            [
              209.83865117194568,
              395.32269765610863
            ],
            [
              210.3382993036186,
              404.33204226568074
            ],
            [
              212.82879457990185,
              405.2399272445723
            ],
            [
              231.422473592735,
              376.26985609961025
            ],
            [
              231.6270283417237,
              360.39086631082205
            ],
            [
              207.88321974783744,
              360.0635733976203
            ]
          ]
        ]
      },
      "properties": {
        "province_id": 164,
        "city_name": "City 164",
        "city_location": [
          218,
          377
        ],
        "area": 732.713170883118,
        "is_coastal": true,
        "is_mountainous": false,
        "has_city": true
      }
    },
    {
      "type": "Feature",
      "geometry": {
        "type": "Polygon",
        "coordinates": [
          [
            [
              242.8369803889201,
              654.201421580346
            ],
            [
              264.37243973305306,
              661.6663139464005
            ],
            [
              288.3559621561573,
              622.7741154224476
            ],
            [
              242.8369803889201,
              654.201421580346
            ]
          ]
        ]
      },
      "properties": {
        "province_id": 165,
        "city_name": "City 165",
        "city_location": [
          265,
          646
        ],
        "area": 508.2978867819303,
        "is_coastal": true,
        "is_mountainous": false,
        "has_city": true
      }
    },
    {
      "type": "Feature",
      "geometry": {
        "type": "Polygon",
        "coordinates": [
          [
            [
              328.934267054357,
              341.60135374908936
            ],
            [
              323.22871332584845,
              352.68528471796105
            ],
            [
              319.01977945571844,
              379.52966918357765
            ],
            [
              324.0,
              387.0
            ],
            [
              327.0,
              393.0
            ],
            [
              328.0,
              396.0
            ],
            [
              328.0,
              404.0
            ],
            [
              327.0,
              406.0
            ],
            [
              324.0,
              409.0
            ],
            [
              322.0,
              410.0
            ],
            [
              319.0,
              411.0
            ],
            [
              314.08554296960745,
              411.0
            ],
            [
              309.209681894642,
              442.098015159184
            ],
            [
              350.2013691555067,
              448.12660428936465
            ],
            [
              368.7450265799987,
              429.94597158130887
            ],
            [
              356.6569997823624,
              370.6279991294496
            ],
            [
              356.0,
              368.0
            ],
            [
              356.0,
              367.4039911384456
            ],
            [
              354.4541077412846,
              359.81803886094445
            ],
            [
              328.934267054357,
              341.60135374908936
            ]
          ]
        ]
      },
      "properties": {
        "province_id": 166,
        "city_name": "City 166",
        "city_location": [
          339,
          402
        ],
        "area": 3967.805904972636,
        "is_coastal": true,
        "is_mountainous": true,
        "has_city": true
      }
    },
    {
      "type": "Feature",
      "geometry": {
        "type": "Polygon",
        "coordinates": [
          [
            [
              354.4541077412846,
              359.81803886094445
            ],
            [
              356.4922433727443,
              360.52326988176696
            ],
            [
              357.0,
              359.0
            ],
            [
              358.0,
              357.0
            ],
            [
              362.0,
              353.0
            ],
            [
              366.0,
              351.0
            ],
            [
              369.0,
              350.0
            ],
            [
              379.0,
              350.0
            ],
            [
              385.0,
              351.0
            ],
            [
              397.0,
              354.0
            ],
            [
              400.0,
              355.0
            ],
            [
              405.0,
              357.0
            ],
            [
              407.0,
              358.0
            ],
            [
              411.0,
              362.0
            ],
            [
              411.0,
              365.0
            ],
            [
              410.0,
              367.0
            ],
            [
              408.0,
              370.0
            ],
            [
              401.79958692409326,
              376.20041307590674
            ],
            [
              414.533791208069,
              380.6066732618975
            ],
            [
              447.3902690267579,
              355.0
            ],
            [
              440.0,
              355.0
            ],
            [
              438.0,
              353.0
            ],
            [
              438.0,
              351.0
            ],
            [
              440.3229749149407,
              327.30565586760474
            ],
            [
              384.85673884636503,
              285.0436783841773
            ],
            [
              376.2749314133391,
              284.54681977452526
            ],
            [
              324.0282663474685,
              322.68701071519155
            ],
            [
              328.934267054357,
              341.60135374908936
            ],
            [
              354.4541077412846,
              359.81803886094445
            ]
          ]
        ]
      },
      "properties": {
        "province_id": 167,
        "city_name": "City 167",
        "city_location": [
          386,
          330
        ],
        "area": 6219.230338774241,
        "is_coastal": false,
        "is_mountainous": true,
        "has_city": true
      }
    },
    {
      "type": "Feature",
      "geometry": {
        "type": "Polygon",
        "coordinates": [
          [
            [
              401.79958692409326,
              376.20041307590674
            ],
            [
              399.0,
              379.0
            ],
            [
              394.0,
              383.0
            ],
            [
              388.0,
              387.0
            ],
            [
              384.0,
              389.0
            ],
            [
              381.0,
              390.0
            ],
            [
              374.0,
              390.0
            ],
            [
              368.0,
              387.0
            ],
            [
              362.0,
              381.0
            ],
            [
              360.0,
              378.0
            ],
            [
              357.0,
              372.0
            ],
            [
              356.6569997823624,
              370.6279991294496
            ],
            [
              368.7450265799987,
              429.94597158130887
            ],
            [
              414.85788870613504,
              456.7886734804569
            ],
            [
              437.1203318003728,
              435.37231898675697
            ],
            [
              414.533791208069,
              380.6066732618975
            ],
            [
              401.79958692409326,
              376.20041307590674
            ]
          ]
        ]
      },
      "properties": {
        "province_id": 168,
        "city_name": "City 168",
        "city_location": [
          398,
          415
        ],
        "area": 3811.7329643118337,
        "is_coastal": false,
        "is_mountainous": true,
        "has_city": true
      }
    },
    {
      "type": "Feature",
      "geometry": {
        "type": "Polygon",
        "coordinates": [
          [
            [
              414.533791208069,
              380.6066732618975
            ],
            [
              437.1203318003728,
              435.37231898675697
            ],
            [
              453.45708197880055,
              437.53293471708895
            ],
            [
              501.51171860279413,
              410.0359562945855
            ],
            [
              455.80242968808085,
              354.2395140623838
            ],
            [
              452.0,
              355.0
            ],
            [
              447.3902690267579,
              355.0
            ],
            [
              414.533791208069,
              380.6066732618975
            ]
          ]
        ]
      },
      "properties": {
        "province_id": 169,
        "city_name": "City 169",
        "city_location": [
          454,
          397
        ],
        "area": 4173.258878969272,
        "is_coastal": false,
        "is_mountainous": true,
        "has_city": true
      }
    },
    {
      "type": "Feature",
      "geometry": {
        "type": "Polygon",
        "coordinates": [
          [
            [
              301.0079886188695,
              453.29000470902565
            ],
            [
              309.209681894642,
              442.098015159184
            ],
            [
              314.08554296960745,
              411.0
            ],
            [
              306.0,
              411.0
            ],
            [
              302.0,
              410.0
            ],
            [
              296.0,
              408.0
            ],
            [
              292.0,
              406.0
            ],
            [
              289.0,
              404.0
            ],
            [
              283.0,
              398.0
            ],
            [
              281.0,
              394.0
            ],
            [
              281.0,
              389.0
            ],
            [
              282.0,
              386.0
            ],
            [
              283.82097728865756,
              382.3580454226848
            ],
            [
              277.1776583912542,
              387.4071063157515
            ],
            [
              241.61347080474195,
              442.07222598357293
            ],
            [
              248.9022153736816,
              455.08923192347675
            ],
            [
              301.0079886188695,
              453.29000470902565
            ]
          ]
        ]
      },
      "properties": {
        "province_id": 170,
        "city_name": "City 170",
        "city_location": [
          279,
          428
        ],
        "area": 3007.2804062587065,
        "is_coastal": true,
        "is_mountainous": false,
        "has_city": true
      }
    },
    {
      "type": "Feature",
      "geometry": {
        "type": "Polygon",
        "coordinates": [
          [
            [
              323.4754135518764,
              512.0687853825109
            ],
            [
              371.60032901475415,
              513.8194063363056
            ],
            [
              380.7811754211504,
              498.60739122533187
            ],
            [
              350.2013691555067,
              448.12660428936465
            ],
            [
              309.209681894642,
              442.098015159184
            ],
            [
              301.0079886188695,
              453.29000470902565
            ],
            [
              323.4754135518764,
              512.0687853825109
            ]
          ]
        ]
      },
      "properties": {
        "province_id": 171,
        "city_name": "City 171",
        "city_location": [
          339,
          479
        ],
        "area": 3784.197157354899,
        "is_coastal": false,
        "is_mountainous": false,
        "has_city": true
      }
    },
    {
      "type": "Feature",
      "geometry": {
        "type": "Polygon",
        "coordinates": [
          [
            [
              582.6365301633798,
              477.0897596250723
            ],
            [
              581.4866470641826,
              473.2941787556317
            ],
            [
              472.8271715736217,
              467.4178573890252
            ],
            [
              474.16789810063506,
              492.1247761828758
            ],
            [
              565.8720863653889,
              541.2750845336151
            ],
            [
              582.6365301633798,
              477.0897596250723
            ]
          ]
        ]
      },
      "properties": {
        "province_id": 172,
        "city_name": "City 172",
        "city_location": [
          532,
          495
        ],
        "area": 4907.896487332615,
        "is_coastal": false,
        "is_mountainous": false,
        "has_city": true
      }
    },
    {
      "type": "Feature",
      "geometry": {
        "type": "Polygon",
        "coordinates": [
          [
            [
              437.1203318003728,
              435.37231898675697
            ],
            [
              414.85788870613504,
              456.7886734804569
            ],
            [
              412.16543106452224,
              462.768660491318
            ],
            [
              417.0,
              465.0
            ],
            [
              419.0,
              466.0
            ],
            [
              426.0,
              470.0
            ],
            [
              429.0,
              472.0
            ],
            [
              433.0,
              476.0
            ],
            [
              434.0,
              478.0
            ],
            [
              434.0,
              483.0
            ],
            [
              427.0,
              490.0
            ],
            [
              424.59680947987357,
              491.4419143120759
            ],
            [
              453.5084494262094,
              512.8530373266834
            ],
            [
              474.16789810063506,
              492.1247761828758
            ],
            [
              472.8271715736217,
              467.4178573890252
            ],
            [
              453.45708197880055,
              437.53293471708895
            ],
            [
              437.1203318003728,
              435.37231898675697
            ]
          ]
        ]
      },
      "properties": {
        "province_id": 173,
        "city_name": "City 173",
        "city_location": [
          447,
          471
        ],
        "area": 2843.210749675641,
        "is_coastal": true,
        "is_mountainous": false,
        "has_city": true
      }
    },
    {
      "type": "Feature",
      "geometry": {
        "type": "Polygon",
        "coordinates": [
          [
            [
              241.61347080474195,
              442.07222598357293
            ],
            [
              277.1776583912542,
              387.4071063157515
            ],
            [
              248.31333381567853,
              390.7676338985307
            ],
            [
              224.78210271614861,
              417.7802085154695
            ],
            [
              234.89629041933955,
              436.48392623585426
            ],
            [
              241.61347080474195,
              442.07222598357293
            ]
          ]
        ]
      },
      "properties": {
        "province_id": 174,
        "city_name": "City 174",
        "city_location": [
          248,
          411
        ],
        "area": 1276.8760601202391,
        "is_coastal": false,
        "is_mountainous": false,
        "has_city": true
      }
    },
    {
      "type": "Feature",
      "geometry": {
        "type": "Polygon",
        "coordinates": [
          [
            [
              380.7811754211504,
              498.60739122533187
            ],
            [
              390.92430923973853,
              489.92430923973853
            ],
            [
              388.0,
              487.0
            ],
            [
              385.0,
              483.0
            ],
            [
              380.0,
              473.0
            ],
            [
              379.0,
              468.0
            ],
            [
              379.0,
              464.0
            ],
            [
              380.0,
              461.0
            ],
            [
              381.0,
              459.0
            ],
            [
              384.0,
              456.0
            ],
            [
              386.0,
              455.0
            ],
            [
              393.0,
              455.0
            ],
            [
              399.0,
              457.0
            ],
            [
              404.0,
              459.0
            ],
            [
              412.16543106452224,
              462.768660491318
            ],
            [
              414.85788870613504,
              456.7886734804569
            ],
            [
              368.7450265799987,
              429.94597158130887
            ],
            [
              350.2013691555067,
              448.12660428936465
            ],
            [
              380.7811754211504,
              498.60739122533187
            ]
          ]
        ]
      },
      "properties": {
        "province_id": 175,
        "city_name": "City 175",
        "city_location": [
          376,
          458
        ],
        "area": 1576.9404300402653,
        "is_coastal": true,
        "is_mountainous": false,
        "has_city": true
      }
    },
    {
      "type": "Feature",
      "geometry": {
        "type": "Polygon",
        "coordinates": [
          [
            [
              283.82097728865756,
              382.3580454226848
            ],
            [
              286.0,
              378.0
            ],
            [
              288.0,
              375.0
            ],
            [
              295.0,
              368.0
            ],
            [
              299.0,
              365.0
            ],
            [
              302.0,
              364.0
            ],
            [
              306.0,
              364.0
            ],
            [
              306.8531294771801,
              364.8531294771801
            ],
            [
              317.5680209732341,
              356.7095885059158
            ],
            [
              239.10425330039988,
              381.00586540063364
            ],
            [
              248.31333381567853,
              390.7676338985307
            ],
            [
              277.1776583912542,
              387.4071063157515
            ],
            [
              283.82097728865756,
              382.3580454226848
            ]
          ]
        ]
      },
      "properties": {
        "province_id": 176,
        "city_name": "City 176",
        "city_location": [
          271,
          377
        ],
        "area": 773.3918687969312,
        "is_coastal": true,
        "is_mountainous": false,
        "has_city": true
      }
    },
    {
      "type": "Feature",
      "geometry": {
        "type": "Polygon",
        "coordinates": [
          [
            [
              212.82879457990185,
              405.2399272445723
            ],
            [
              224.78210271614861,
              417.7802085154695
            ],
            [
              248.31333381567853,
              390.7676338985307
            ],
            [
              239.10425330039988,
              381.00586540063364
            ],
            [
              231.422473592735,
              376.26985609961025
            ],
            [
              212.82879457990185,
              405.2399272445723
            ]
          ]
        ]
      },
      "properties": {
        "province_id": 177,
        "city_name": "City 177",
        "city_location": [
          230,
          396
        ],
        "area": 704.1238989614197,
        "is_coastal": false,
        "is_mountainous": false,
        "has_city": true
      }
    }
  ]
}